Carrier,Name,Voyage,ETA,ETB,ETD
CK Line,BAL BOAN,2524E,10 Aug 2025,-,10 Aug 2025
CK Line,BAL BOAN,2525E,15 Aug 2025,-,16 Aug 2025
CK Line,STARSHIP PEGASUS,2510W,15 Aug 2025,-,16 Aug 2025
CK Line,EASLINE KWANGYANG,2530E,5 Aug 2025,-,7 Aug 2025
CK Line,EASLINE KWANGYANG,2531E,12 Aug 2025,-,14 Aug 2025
CK Line,EASLINE KWANGYANG,2533E,19 Aug 2025,-,19 Aug 2025
CK Line,HMM HARVEST,0002E,18 Aug 2025,-,18 Aug 2025
CK Line,HOCHIMINH VOYAGER,2507S,4 Aug 2025,-,8 Aug 2025
CK Line,HMM HARMONY,0012E,15 Aug 2025,-,16 Aug 2025
CK Line,HMM MIRACLE,0010W,12 Aug 2025,-,13 Aug 2025
CK Line,HAIAN OPUS,0014W,7 Aug 2025,-,7 Aug 2025
CK Line,SKY IRIS,2522S,16 Aug 2025,-,18 Aug 2025
CK Line,ISARA BHUM,2527E,6 Aug 2025,-,8 Aug 2025
CK Line,ISARA BHUM,2528E,14 Aug 2025,-,15 Aug 2025
CK Line,JAKARTA VOYAGER,2507S,16 Aug 2025,-,17 Aug 2025
CK Line,SKY MOON,2513E,5 Aug 2025,-,7 Aug 2025
CK Line,ONE MAJESTY,0020W,4 Aug 2025,-,6 Aug 2025
CK Line,PANCON SUNSHINE,2514E,13 Aug 2025,-,14 Aug 2025
CK Line,POS LAEMCHABANG,1025W,17 Aug 2025,-,19 Aug 2025
CK Line,POS SINGAPORE,1023S,14 Aug 2025,-,16 Aug 2025
CK Line,QIYUNHE,0500E,3 Aug 2025,-,6 Aug 2025
CK Line,QIYUNHE,0501E,12 Aug 2025,-,12 Aug 2025
CK Line,QIYUNHE,0503E,18 Aug 2025,-,18 Aug 2025
CK Line,SURABAYA VOYAGER,2505N,7 Aug 2025,-,8 Aug 2025
CK Line,SM JAKARTA,2510W,5 Aug 2025,-,7 Aug 2025
CK Line,SKY RAINBOW,2510S,7 Aug 2025,-,8 Aug 2025
CK Line,SUNNY LAUREL,2514S,14 Aug 2025,-,15 Aug 2025
CK Line,TAMPA 1,0026E,14 Aug 2025,-,14 Aug 2025
CK Line,TIANJIN VOYAGER,2506N,11 Aug 2025,-,12 Aug 2025
CK Line,TIANJIN VOYAGER,2507S,18 Aug 2025,-,19 Aug 2025
CU Lines,CUL MANILA,2531W,1 Aug 2025,5 Aug 2025,5 Aug 2025
CU Lines,KHUNA BHUM,"066N/066S, 2530S",3 Aug 2025,5 Aug 2025,6 Aug 2025
CU Lines,INTERASIA AMPLIFY,"E008/W009, 2530W",3 Aug 2025,6 Aug 2025,7 Aug 2025
CU Lines,CA SHANGHAI,"2512E, 2528N",3 Aug 2025,5 Aug 2025,5 Aug 2025
CU Lines,SAFEEN PROSPER,2531W,3 Aug 2025,5 Aug 2025,5 Aug 2025
CU Lines,ONE MAJESTY,"0020W, 2532W",4 Aug 2025,5 Aug 2025,7 Aug 2025
CU Lines,JIANG HAI TONG 19,2531W,-,-,-
CU Lines,JIANG HAI TONG 19,2531W,-,-,-
CU Lines,JIANG HAI TONG 19,2531W,-,-,-
CU Lines,JIANG HAI TONG 19,2531W,5 Aug 2025,5 Aug 2025,5 Aug 2025
CU Lines,MUMBAI BRIDGE,"2504E/2505W, 2531W",6 Aug 2025,6 Aug 2025,7 Aug 2025
CU Lines,NINGBO VOYAGER,2523E,7 Aug 2025,8 Aug 2025,8 Aug 2025
CU Lines,COLOMBO,"064N/065S, 2524S",7 Aug 2025,8 Aug 2025,9 Aug 2025
CU Lines,PRIDE PACIFIC,"2521W, 2531S",8 Aug 2025,8 Aug 2025,8 Aug 2025
CU Lines,CUL XIAMEN,2524E,8 Aug 2025,9 Aug 2025,9 Aug 2025
CU Lines,CNC SERVAL,"0JVLZN1NC/0JVM2S1NC, 2527S",9 Aug 2025,9 Aug 2025,9 Aug 2025
CU Lines,CUL YANGPU,2531S,9 Aug 2025,9 Aug 2025,10 Aug 2025
CU Lines,EXPRESS BERLIN,"25029W, 2529W",9 Aug 2025,11 Aug 2025,12 Aug 2025
CU Lines,JIANG HAI TONG 19,2532W,10 Aug 2025,10 Aug 2025,10 Aug 2025
CU Lines,JIANG HAI TONG 19,2532W,11 Aug 2025,11 Aug 2025,11 Aug 2025
CU Lines,CA KOBE,"2517E/2518W, 2532S",11 Aug 2025,11 Aug 2025,12 Aug 2025
CU Lines,EVER SMART,"136E/137W, 2533W",11 Aug 2025,11 Aug 2025,12 Aug 2025
CU Lines,JIANG HAI TONG 19,2532W,11 Aug 2025,11 Aug 2025,11 Aug 2025
CU Lines,JIANG HAI TONG 19,2532W,11 Aug 2025,11 Aug 2025,11 Aug 2025
CU Lines,ZHONG PENG YOU YI,2533W,12 Aug 2025,12 Aug 2025,12 Aug 2025
CU Lines,TS SYDNEY,"25005W, 2533W",13 Aug 2025,13 Aug 2025,15 Aug 2025
CU Lines,CA MANILA,"2514E, 2531N",14 Aug 2025,14 Aug 2025,15 Aug 2025
CU Lines,XH DOLPHIN,2534W,14 Aug 2025,15 Aug 2025,15 Aug 2025
CU Lines,CUL XIAMEN,2525E,15 Aug 2025,16 Aug 2025,16 Aug 2025
CU Lines,JIANG HAI TONG 19,2533W,16 Aug 2025,16 Aug 2025,16 Aug 2025
CU Lines,JIANG HAI TONG 19,2533W,17 Aug 2025,17 Aug 2025,17 Aug 2025
CU Lines,GREEN EARTH,"0016N/0016S, 2532S",17 Aug 2025,17 Aug 2025,17 Aug 2025
CU Lines,JIANG HAI TONG 19,2533W,17 Aug 2025,17 Aug 2025,17 Aug 2025
CU Lines,JIANG HAI TONG 19,2533W,17 Aug 2025,17 Aug 2025,17 Aug 2025
CU Lines,CA OSAKA,"2519W, 2533S",17 Aug 2025,17 Aug 2025,18 Aug 2025
CU Lines,HEMMA BHUM,"008E/009W, 2534W",18 Aug 2025,18 Aug 2025,19 Aug 2025
Evergreen,COSCO ASIA,"099E, 099E",4 Aug 2025,-,-
Evergreen,INTERASIA ENGAGE,"E032, W033",5 Aug 2025,-,-
Evergreen,EVER OPTIMA,"0432-037N, 0437-038S",5 Aug 2025,5 Aug 2025,5 Aug 2025
Evergreen,NYK FURANO,"023E, 023E",5 Aug 2025,5 Aug 2025,5 Aug 2025
Evergreen,EVER LISSOME,"0731-068W, 0742-069E",5 Aug 2025,8 Aug 2025,9 Aug 2025
Evergreen,COSCO SHIPPING SAGITTARIUS,"030E, 030E",5 Aug 2025,5 Aug 2025,6 Aug 2025
Evergreen,CMA CGM IGUACU,"0MEKQE1MA, 0MELJW1MA",5 Aug 2025,-,-
Evergreen,ONE MAJESTY,"0020W, 0020W",5 Aug 2025,5 Aug 2025,7 Aug 2025
Evergreen,COSCO SHIPPING CHILE,"003E, 004W",5 Aug 2025,5 Aug 2025,6 Aug 2025
Evergreen,ESL ASANTE,"02525E, 02525E",6 Aug 2025,-,-
Evergreen,COSCO AFRICA,"094W, 095E",6 Aug 2025,-,-
Evergreen,COSCO JEDDAH,"088S, 089N",6 Aug 2025,-,-
Evergreen,MUMBAI BRIDGE,"2504E, 2505W",6 Aug 2025,-,-
Evergreen,CMA CGM ELBE,"0PGKSW1MA, 0PGLHE1MA",6 Aug 2025,10 Aug 2025,10 Aug 2025
Evergreen,KUO CHANG,"0QKHBE1NC, 0QKHBE1NC",6 Aug 2025,6 Aug 2025,7 Aug 2025
Evergreen,EVER GOODS,"0694-031E, 0712-032W",6 Aug 2025,6 Aug 2025,7 Aug 2025
Evergreen,EVER VOW,"010E, 011W",6 Aug 2025,6 Aug 2025,7 Aug 2025
Evergreen,EVER MUSE,"0757-002E, 0771-003W",6 Aug 2025,8 Aug 2025,9 Aug 2025
Evergreen,COSCO ITALY,"075W, 076E",6 Aug 2025,-,-
Evergreen,DING XIANG TAI PING,"016S, 016S",6 Aug 2025,-,-
Evergreen,BEIJING,"110E, 110E",6 Aug 2025,6 Aug 2025,7 Aug 2025
Evergreen,EVER SUMMIT,"0122-125E, 0122-125E",7 Aug 2025,7 Aug 2025,7 Aug 2025
Evergreen,CMA CGM GALAPAGOS,"0WU78W2MA, 0WU78W2MA",7 Aug 2025,-,-
Evergreen,EVER VERSE,"2037-004S, 2037-004S",7 Aug 2025,7 Aug 2025,7 Aug 2025
Evergreen,CSCL MARS,"081E, 082W",7 Aug 2025,-,-
Evergreen,CMA CGM RIVOLI,"0FMJJE1MA, 0FMJJE1MA",7 Aug 2025,-,-
Evergreen,SURABAYA VOYAGER,"2505N, 2505N",7 Aug 2025,-,-
Evergreen,OOCL BANGKOK,"064W, 065E",7 Aug 2025,-,-
Evergreen,CHIBA C,"88E, 532W",7 Aug 2025,7 Aug 2025,8 Aug 2025
Evergreen,COSCO ASHDOD,"089W, 089W",7 Aug 2025,7 Aug 2025,8 Aug 2025
Evergreen,CMA CGM LEGACY,"0MHR4W1MA, 0MHR4W1MA",8 Aug 2025,-,-
Evergreen,EVER FAME,"1641-024E, 1655-025W",8 Aug 2025,8 Aug 2025,9 Aug 2025
Evergreen,TEH VICTORY,"25027N, 25028S",8 Aug 2025,-,-
Evergreen,EVER WISH,"0308-003B, 0312-004A",8 Aug 2025,8 Aug 2025,9 Aug 2025
Evergreen,CSCL STAR,"088W, 088W",8 Aug 2025,-,-
Evergreen,CMA CGM PALAIS ROYAL,"0FMKCW1MA, 0FMKCW1MA",8 Aug 2025,-,-
Evergreen,XIN ZHAN JIANG,"191N, 191N",8 Aug 2025,-,-
Evergreen,CMA CGM RIVOLI,"0FMJJE1MA, 0FMKCW1MA",8 Aug 2025,-,-
Evergreen,OOCL PORTUGAL,"003E, 004W",9 Aug 2025,-,-
Evergreen,COSCO SHIPPING SCORPIO,"031W, 031W",9 Aug 2025,-,-
Emirates,FEEDER,00976W,5 Aug 2025,-,5 Aug 2025
Emirates,INTERASIA ENGAGE,02524W,5 Aug 2025,-,8 Aug 2025
Emirates,INTERASIA ENGAGE,02532W,5 Aug 2025,-,8 Aug 2025
Emirates,CSCL MARS,081E,6 Aug 2025,-,8 Aug 2025
Emirates,HONG YUAN 3 HAO,2512E,6 Aug 2025,-,6 Aug 2025
Emirates,FEEDER,00976W,6 Aug 2025,-,6 Aug 2025
Emirates,FEEDER,00976W,6 Aug 2025,-,6 Aug 2025
Emirates,URU BHUM,02524E,6 Aug 2025,-,7 Aug 2025
Emirates,FEEDER,00542E,7 Aug 2025,-,7 Aug 2025
Emirates,SHUN DA,2531W,7 Aug 2025,-,7 Aug 2025
Emirates,FEEDER,00542E,7 Aug 2025,-,7 Aug 2025
Emirates,FEEDER,00977W,8 Aug 2025,-,8 Aug 2025
Emirates,ESL ASANTE,02532E,8 Aug 2025,-,9 Aug 2025
Emirates,ESL SANA,02532W,8 Aug 2025,-,9 Aug 2025
Emirates,ESL ASANTE,02525E,8 Aug 2025,-,8 Aug 2025
Emirates,TAMPA I,02532W,8 Aug 2025,-,10 Aug 2025
Emirates,JJ TOKYO,2531W,9 Aug 2025,-,9 Aug 2025
Emirates,HARRIER,2531S,9 Aug 2025,-,9 Aug 2025
Emirates,FEEDER,00977W,9 Aug 2025,-,9 Aug 2025
Emirates,GLORY GUANDONG,2531W,10 Aug 2025,-,10 Aug 2025
Emirates,XIU HONG,2532W,10 Aug 2025,-,10 Aug 2025
Emirates,CONSERO,2532S,10 Aug 2025,-,10 Aug 2025
Emirates,CONSCIENCE,2531S,10 Aug 2025,-,10 Aug 2025
Emirates,MAO DA 5 HAO,2512E,10 Aug 2025,-,10 Aug 2025
Emirates,FEEDER,00977W,10 Aug 2025,-,10 Aug 2025
Emirates,MAO DA 5 HAO,2512E,10 Aug 2025,-,10 Aug 2025
Emirates,FEEDER,00977W,10 Aug 2025,-,10 Aug 2025
Emirates,FEEDER,00543E,11 Aug 2025,-,11 Aug 2025
Emirates,GLORY SHANGHAI,2532S,11 Aug 2025,-,11 Aug 2025
Emirates,FEEDER,00543E,11 Aug 2025,-,11 Aug 2025
Emirates,KOTA PRIMROSE,02533W,11 Aug 2025,-,12 Aug 2025
Emirates,ESL SHEKOU,02525E,11 Aug 2025,-,11 Aug 2025
Emirates,JI HAI ZHI XING,648N,11 Aug 2025,-,12 Aug 2025
Emirates,FEEDER,00978W,12 Aug 2025,-,12 Aug 2025
Emirates,ZHONG GU XIA MEN,02532W,12 Aug 2025,-,13 Aug 2025
Emirates,QINGDAO TOWER,526N,13 Aug 2025,-,14 Aug 2025
Emirates,FEEDER,00978W,13 Aug 2025,-,13 Aug 2025
Emirates,SLS TBN,02533E,13 Aug 2025,-,14 Aug 2025
Emirates,SHUN DA,2532W,14 Aug 2025,-,14 Aug 2025
Emirates,GLORY ZHENDONG,2532W,14 Aug 2025,-,14 Aug 2025
Emirates,FEEDER,00978W,14 Aug 2025,-,14 Aug 2025
Emirates,EVER VIM,02533W,14 Aug 2025,-,15 Aug 2025
Emirates,FEEDER,00978W,14 Aug 2025,-,14 Aug 2025
Emirates,EVER VIM,02524W,14 Aug 2025,-,15 Aug 2025
Emirates,FEEDER,00544E,15 Aug 2025,-,15 Aug 2025
Emirates,FEEDER,00544E,15 Aug 2025,-,15 Aug 2025
Emirates,ESL WASL,02533W,15 Aug 2025,-,16 Aug 2025
Emirates,GLORY GUANDONG,2532S,15 Aug 2025,-,15 Aug 2025
Emirates,JJ TOKYO,2532W,16 Aug 2025,-,16 Aug 2025
Emirates,FEEDER,00979W,16 Aug 2025,-,16 Aug 2025
Emirates,XIU HONG,2533W,17 Aug 2025,-,17 Aug 2025
Emirates,MILD TUNE,2533S,17 Aug 2025,-,17 Aug 2025
Emirates,FEEDER,00974W,17 Aug 2025,-,17 Aug 2025
Emirates,FEEDER,00979W,17 Aug 2025,-,17 Aug 2025
Emirates,FEEDER,00974W,17 Aug 2025,-,17 Aug 2025
Emirates,FEEDER,00974W,17 Aug 2025,-,17 Aug 2025
Emirates,WAN HAI A07,02534W,17 Aug 2025,-,19 Aug 2025
Emirates,JJ SUN,2533S,18 Aug 2025,-,18 Aug 2025
Emirates,ESL OMAN,02533W,18 Aug 2025,-,19 Aug 2025
Emirates,FEEDER,00979W,18 Aug 2025,-,18 Aug 2025
Emirates,FEEDER,00979W,18 Aug 2025,-,18 Aug 2025
Emirates,FEEDER,00545E,19 Aug 2025,-,19 Aug 2025
Emirates,FEEDER,00545E,19 Aug 2025,-,19 Aug 2025
Emirates,ZHONG GU RI ZHAO,02533W,19 Aug 2025,-,19 Aug 2025
Emirates,STAR,02526E,19 Aug 2025,-,19 Aug 2025
Emirates,TEH TAICHUNG,02534W,19 Aug 2025,-,20 Aug 2025
HMM,HMM GARNET,0006E,5 Aug 2025,6 Aug 2025,7 Aug 2025
HMM,KUO LONG,0031S,-,5 Aug 2025,6 Aug 2025
HMM,OSAKA EXPRESS,2531E,5 Aug 2025,7 Aug 2025,8 Aug 2025
HMM,HYUNDAI PRIVILEGE,0112S,-,7 Aug 2025,7 Aug 2025
HMM,HMM CEBU,0012S,5 Aug 2025,7 Aug 2025,8 Aug 2025
HMM,ONE FORTUNE,0004W,5 Aug 2025,8 Aug 2025,9 Aug 2025
HMM,SM LONG BEACH,2505E,-,6 Aug 2025,7 Aug 2025
HMM,ESL SANA,2515W,6 Aug 2025,6 Aug 2025,7 Aug 2025
HMM,HYUNDAI COURAGE,0119W,6 Aug 2025,8 Aug 2025,9 Aug 2025
HMM,MSC GERMANY,0101W,-,6 Aug 2025,7 Aug 2025
HMM,HMM VANCOUVER,0300E,-,6 Aug 2025,7 Aug 2025
HMM,HMM TURQUOISE,0005E,6 Aug 2025,9 Aug 2025,10 Aug 2025
HMM,SHUN DA,2531W,7 Aug 2025,7 Aug 2025,7 Aug 2025
HMM,NAVIOS LAPIS,0007E,7 Aug 2025,8 Aug 2025,9 Aug 2025
HMM,YM WISH,0048W,7 Aug 2025,7 Aug 2025,9 Aug 2025
HMM,HMM MONGLA,0024S,7 Aug 2025,9 Aug 2025,10 Aug 2025
HMM,ONE IBIS,0034E,7 Aug 2025,10 Aug 2025,11 Aug 2025
HMM,LIMA EXPRESS,2531E,8 Aug 2025,8 Aug 2025,9 Aug 2025
HMM,MSC ISTANBUL,0101W,8 Aug 2025,8 Aug 2025,9 Aug 2025
HMM,MSC ILENIA,0101W,8 Aug 2025,8 Aug 2025,9 Aug 2025
HMM,HAIAN OPUS,0014W,9 Aug 2025,9 Aug 2025,9 Aug 2025
HMM,INTEGRATIVE EARTH,0110W,9 Aug 2025,9 Aug 2025,9 Aug 2025
HMM,YM TOPMOST,0022W,9 Aug 2025,9 Aug 2025,11 Aug 2025
HMM,ONE COMPETENCE,0094W,9 Aug 2025,10 Aug 2025,11 Aug 2025
HMM,MSC DITTE,0101W,10 Aug 2025,10 Aug 2025,11 Aug 2025
HMM,MSC ANNABELLA,0100W,10 Aug 2025,10 Aug 2025,11 Aug 2025
HMM,HMM TOPAZ,0007E,10 Aug 2025,11 Aug 2025,12 Aug 2025
HMM,TS INCHEON,2531W,11 Aug 2025,11 Aug 2025,11 Aug 2025
HMM,HMM HANBADA,0016W,11 Aug 2025,11 Aug 2025,12 Aug 2025
HMM,EVER SALUTE,0124E,11 Aug 2025,11 Aug 2025,11 Aug 2025
HMM,SM KWANGYANG,2506E,11 Aug 2025,11 Aug 2025,12 Aug 2025
HMM,HYUNDAI PRESTIGE,0111E,11 Aug 2025,11 Aug 2025,12 Aug 2025
HMM,MSC NELA,0100E,12 Aug 2025,12 Aug 2025,13 Aug 2025
HMM,WIDE JULIET,0114S,12 Aug 2025,12 Aug 2025,13 Aug 2025
HMM,HYUNDAI FORCE,0111W,12 Aug 2025,12 Aug 2025,13 Aug 2025
HMM,ONE TRADITION,0027W,12 Aug 2025,12 Aug 2025,13 Aug 2025
HMM,POSORJA EXPRESS,2528E,12 Aug 2025,15 Aug 2025,16 Aug 2025
HMM,HMM PERIDOT,0006W,13 Aug 2025,13 Aug 2025,14 Aug 2025
HMM,MSC AUDREY,0101W,13 Aug 2025,13 Aug 2025,14 Aug 2025
HMM,MSC REEF,0101W,13 Aug 2025,13 Aug 2025,14 Aug 2025
HMM,HMM MIRACLE,0010W,13 Aug 2025,13 Aug 2025,13 Aug 2025
HMM,YM MUTUALITY,0108E,13 Aug 2025,14 Aug 2025,15 Aug 2025
HMM,ESL WASL,2516W,13 Aug 2025,13 Aug 2025,14 Aug 2025
HMM,ZEPHYR LUMOS,0016W,13 Aug 2025,13 Aug 2025,15 Aug 2025
HMM,HUMBOLDT EXPRESS,2532E,13 Aug 2025,14 Aug 2025,15 Aug 2025
HMM,YM TRILLION,0016E,14 Aug 2025,14 Aug 2025,15 Aug 2025
HMM,CNC BANGKOK,0016S,14 Aug 2025,14 Aug 2025,15 Aug 2025
HMM,YM MOVEMENT,0082E,14 Aug 2025,14 Aug 2025,15 Aug 2025
HMM,YM WORLD,0046W,14 Aug 2025,14 Aug 2025,16 Aug 2025
HMM,ONE FRUITION,0008E,14 Aug 2025,15 Aug 2025,16 Aug 2025
HMM,YM TOTALITY,0025E,15 Aug 2025,15 Aug 2025,15 Aug 2025
HMM,SAWASDEE CHITTAGONG,2507S,15 Aug 2025,15 Aug 2025,15 Aug 2025
HMM,MSC KATIE,0100W,15 Aug 2025,15 Aug 2025,16 Aug 2025
HMM,HMM HARMONY,0012S,15 Aug 2025,15 Aug 2025,16 Aug 2025
HMM,HMM HANUL,0021W,16 Aug 2025,16 Aug 2025,17 Aug 2025
HMM,HMM MANILA,0008S,16 Aug 2025,17 Aug 2025,18 Aug 2025
HMM,YM TOGETHER,0019W,16 Aug 2025,16 Aug 2025,18 Aug 2025
HMM,ONE INGENUITY,0006W,16 Aug 2025,16 Aug 2025,17 Aug 2025
HMM,MSC ROSA M,0101W,16 Aug 2025,16 Aug 2025,18 Aug 2025
HMM,HMM GREEN,0002W,17 Aug 2025,17 Aug 2025,17 Aug 2025
HMM,CNC MARS,0052S,17 Aug 2025,17 Aug 2025,17 Aug 2025
HMM,MSC ROME,0002W,17 Aug 2025,17 Aug 2025,18 Aug 2025
HMM,MSC IVANA,0100E,17 Aug 2025,17 Aug 2025,18 Aug 2025
HMM,CONTI CORTESIA,0007W,17 Aug 2025,17 Aug 2025,18 Aug 2025
HMM,HMM HARVEST,0002S,17 Aug 2025,18 Aug 2025,18 Aug 2025
HMM,MOL CREATION,0097E,18 Aug 2025,18 Aug 2025,19 Aug 2025
HMM,SM BUSAN,2506E,18 Aug 2025,18 Aug 2025,19 Aug 2025
HMM,MSC GIUSY,0900W,18 Aug 2025,18 Aug 2025,20 Aug 2025
HMM,MSC TRADER II,0001W,18 Aug 2025,18 Aug 2025,20 Aug 2025
HMM,HMM EMERALD,0009E,19 Aug 2025,19 Aug 2025,20 Aug 2025
HMM,HMM ROTTERDAM,0017W,19 Aug 2025,19 Aug 2025,21 Aug 2025
HMM,ONE REASSURANCE,0248W,19 Aug 2025,19 Aug 2025,20 Aug 2025
HMM,MSC RAYA,0100E,19 Aug 2025,19 Aug 2025,20 Aug 2025
HMM,MSC HAMBURG,0101W,19 Aug 2025,19 Aug 2025,21 Aug 2025
HMM,ONE FREEDOM,0010W,19 Aug 2025,20 Aug 2025,21 Aug 2025
Kambara,PROACTIVE EARTH,0101E,-,-,-
Kambara,SCARLET ARROW,0321E,-,6 Aug 2025,6 Aug 2025
Kambara,GLORY TIANJIN,2531S,-,-,5 Aug 2025
Kambara,MILLENNIUM BRIGHT,0081S,3 Aug 2025,3 Aug 2025,5 Aug 2025
Kambara,OOCL HAMBURG,0159S,-,-,-
Kambara,SITC PORT KLANG,2507S,5 Aug 2025,6 Aug 2025,6 Aug 2025
Kambara,TIANHAI7HAO,2512W,6 Aug 2025,6 Aug 2025,6 Aug 2025
Kambara,ZHONG CHENG 19 HAO,2532E,7 Aug 2025,7 Aug 2025,7 Aug 2025
Kambara,INGENUITY,0103S,8 Aug 2025,8 Aug 2025,9 Aug 2025
Kambara,JJ STAR,2532S,8 Aug 2025,8 Aug 2025,9 Aug 2025
Kambara,SKY RAINBOW,2510S,8 Aug 2025,8 Aug 2025,8 Aug 2025
Kambara,GLORY OCEAN,2532S,8 Aug 2025,8 Aug 2025,9 Aug 2025
Kambara,WAN HAI 511,0102S,8 Aug 2025,8 Aug 2025,11 Aug 2025
Kambara,INTEGRATIVE EARTH,0111E,9 Aug 2025,9 Aug 2025,9 Aug 2025
Kambara,BLOOMING EARTH,0090E,9 Aug 2025,9 Aug 2025,9 Aug 2025
Kambara,CUL YANGPU,2531S,9 Aug 2025,9 Aug 2025,10 Aug 2025
Kambara,GSL MAMITSA,0001S,9 Aug 2025,9 Aug 2025,10 Aug 2025
Kambara,DA XIN 19,5064E,10 Aug 2025,10 Aug 2025,10 Aug 2025
Kambara,ZHONG CHENG 26 HAO,2532E,10 Aug 2025,10 Aug 2025,10 Aug 2025
Kambara,JIANG HAI TONG 188,5032E,10 Aug 2025,10 Aug 2025,10 Aug 2025
Kambara,WAN YUAN YANG 1,2532E,10 Aug 2025,10 Aug 2025,10 Aug 2025
Kambara,HENGKUNHEXIE,2532E,10 Aug 2025,10 Aug 2025,10 Aug 2025
Kambara,SHIMIN,0030S,10 Aug 2025,10 Aug 2025,11 Aug 2025
Kambara,GLORY TIANJIN,2532S,10 Aug 2025,10 Aug 2025,11 Aug 2025
Kambara,XIN YAN TIAN,0107S,10 Aug 2025,11 Aug 2025,12 Aug 2025
Kambara,HARMONIZED EARTH,0106E,11 Aug 2025,11 Aug 2025,11 Aug 2025
Kambara,KOTA PRIMROSE,0009S,11 Aug 2025,11 Aug 2025,12 Aug 2025
Kambara,EVER SMART,0137S,11 Aug 2025,11 Aug 2025,12 Aug 2025
Kambara,JI HAI ZHI XING,0648N,11 Aug 2025,12 Aug 2025,12 Aug 2025
Kambara,TS SHEKOU,2507S,12 Aug 2025,12 Aug 2025,12 Aug 2025
Kambara,KOTA SELAMAT,0513S,14 Aug 2025,14 Aug 2025,14 Aug 2025
Kambara,ZE XIN JUN JIE,2533E,14 Aug 2025,14 Aug 2025,14 Aug 2025
Kambara,DA XIN 19,5065E,14 Aug 2025,14 Aug 2025,14 Aug 2025
Kambara,SCARLET ARROW,0323E,14 Aug 2025,14 Aug 2025,14 Aug 2025
Kambara,CNC BANGKOK,2532S,14 Aug 2025,14 Aug 2025,14 Aug 2025
Kambara,POS SINGAPORE,1023S,14 Aug 2025,14 Aug 2025,15 Aug 2025
Kambara,ZHONG CHENG 69,2533E,15 Aug 2025,15 Aug 2025,15 Aug 2025
Kambara,SUSTAINABLE EARTH,0104E,15 Aug 2025,15 Aug 2025,15 Aug 2025
Kambara,BHUDTHI BHUM,0028N,15 Aug 2025,15 Aug 2025,15 Aug 2025
Kambara,GLORY OCEAN,2533S,15 Aug 2025,15 Aug 2025,16 Aug 2025
Kambara,JJ STAR,2533S,15 Aug 2025,15 Aug 2025,16 Aug 2025
Kambara,ZHONG GU FU ZHOU,2533S,15 Aug 2025,15 Aug 2025,16 Aug 2025
Kambara,GLORY TIANJIN,2533S,15 Aug 2025,16 Aug 2025,17 Aug 2025
Kambara,FAN YA YANG SHAN,5033E,16 Aug 2025,16 Aug 2025,16 Aug 2025
Kambara,XINYUANHE9,5033E,17 Aug 2025,17 Aug 2025,17 Aug 2025
Kambara,TIAN YI FA ZHAN,2566E,17 Aug 2025,17 Aug 2025,17 Aug 2025
Kambara,ZHONG GU RI ZHAO,2507S,17 Aug 2025,17 Aug 2025,18 Aug 2025
Kambara,WAN HAI A07,0016S,17 Aug 2025,17 Aug 2025,19 Aug 2025
Kambara,GREEN EARTH,0016S,18 Aug 2025,18 Aug 2025,18 Aug 2025
Kambara,PROACTIVE EARTH,0102E,18 Aug 2025,18 Aug 2025,18 Aug 2025
Kambara,REGAINING EARTH,0103E,18 Aug 2025,18 Aug 2025,18 Aug 2025
Kambara,CNC MARS,2533S,18 Aug 2025,18 Aug 2025,18 Aug 2025
Kambara,OOCL TAIPEI,0086S,18 Aug 2025,18 Aug 2025,19 Aug 2025
Kambara,HEMMA BHUM,0009S,18 Aug 2025,18 Aug 2025,19 Aug 2025
Kambara,JI HAI ZHI XING,0650N,18 Aug 2025,19 Aug 2025,19 Aug 2025
Kambara,INTEGRATIVE EARTH,0112E,19 Aug 2025,19 Aug 2025,19 Aug 2025
Maersk,DELOS WAVE,"526N, 532S",5 Aug 2025,-,6 Aug 2025
Maersk,CAPE SERRAT,"527N, 533S",10 Aug 2025,-,11 Aug 2025
Maersk,HANOVER EXPRESS,"525E, 531W",12 Aug 2025,-,13 Aug 2025
Maersk,LUANDA EXPRESS,"526E, 532W",15 Aug 2025,-,15 Aug 2025
Maersk,CAPITAINE BARET,"528N, 534S",17 Aug 2025,-,18 Aug 2025
Maersk,Maersk Ningbo,"530N, 530N",19 Aug 2025,-,19 Aug 2025
Maersk,Aries,"527N, 530S",8 Aug 2025,-,8 Aug 2025
Maersk,CHRISTA SCHULTE,"529N, 532S",13 Aug 2025,-,13 Aug 2025
Maersk,MAERSK NUSSFJORD,"530S, 530S",-,-,6 Aug 2025
Maersk,MARINA SAPPHIRE,"531S, 531N",5 Aug 2025,-,6 Aug 2025
Maersk,MAERSK BINTULU,"531D, 532C",6 Aug 2025,-,7 Aug 2025
Maersk,ZHONG GU DONG HAI,"530N, 532S",6 Aug 2025,-,7 Aug 2025
Maersk,SPIL CAYA,"528E, 532W",6 Aug 2025,-,7 Aug 2025
Maersk,TS OSAKA,"514N, 515S",7 Aug 2025,-,7 Aug 2025
Maersk,HALLEY,"529N, 532S",7 Aug 2025,-,7 Aug 2025
Maersk,MAERSK NAMSOS,"531N, 532S",7 Aug 2025,-,8 Aug 2025
Maersk,ERASMUS ICON,"531W, 531W",7 Aug 2025,-,8 Aug 2025
Maersk,GLORY GUANDONG,"531W, 531W",7 Aug 2025,-,8 Aug 2025
Maersk,MAERSK JAKARTA,"517B, 518A",8 Aug 2025,-,8 Aug 2025
Maersk,MAERSK NARVIK,"530N, 532S",9 Aug 2025,-,10 Aug 2025
Maersk,MAERSK NASSJO,"523N, 524S",10 Aug 2025,-,10 Aug 2025
Maersk,MCC YANGON,"515B, 516A",10 Aug 2025,-,11 Aug 2025
Maersk,MAERSK VALENCIA,"530N, 530N",10 Aug 2025,-,11 Aug 2025
Maersk,NUUK MAERSK,"531S, 531S",11 Aug 2025,-,11 Aug 2025
Maersk,ARCHER,"530N, 532E",11 Aug 2025,-,11 Aug 2025
Maersk,MCC TOKYO,"526D, 527C",12 Aug 2025,-,13 Aug 2025
Maersk,ERASMUS EFFORT,"530S, 532N",12 Aug 2025,-,13 Aug 2025
Maersk,AS SERENA,"532W, 532W",13 Aug 2025,-,13 Aug 2025
Maersk,COSCO SAO PAULO,"529E, 533W",13 Aug 2025,-,13 Aug 2025
Maersk,AS Columbia,"530N, 530N",13 Aug 2025,-,14 Aug 2025
Maersk,SPIL NISAKA,"533S, 533S",14 Aug 2025,-,14 Aug 2025
Maersk,WAN HAI 173,"127N, 128S",14 Aug 2025,-,14 Aug 2025
Maersk,MERATUS JAYAGIRI,"532N, 533S",14 Aug 2025,-,15 Aug 2025
Maersk,GLORY ZHENDONG,"532W, 532W",14 Aug 2025,-,15 Aug 2025
Maersk,JULIUS-S.,"531N, 533E",15 Aug 2025,-,16 Aug 2025
Maersk,MCC DANANG,"453N, 454S",16 Aug 2025,-,17 Aug 2025
Maersk,NICOLAI MAERSK,"531N, 533S",16 Aug 2025,-,17 Aug 2025
Maersk,MAERSK SONGKHLA,"525B, 526A",17 Aug 2025,-,18 Aug 2025
Maersk,Hansa Bitburg,"531N, 531N",17 Aug 2025,-,18 Aug 2025
Maersk,NAKSKOV MAERSK,"532S, 532S",18 Aug 2025,-,18 Aug 2025
Maersk,MAERSK VLADIVOSTOK,"528B, 529C",18 Aug 2025,-,19 Aug 2025
Maersk,COSCO HOUSTON,"129N, 130S",7 Aug 2025,-,7 Aug 2025
Maersk,NYK FUSHIMI,"132N, 133S",7 Aug 2025,-,8 Aug 2025
Maersk,GLORY ZHENDONG,"532E, 532E",7 Aug 2025,-,8 Aug 2025
Maersk,SUSTAINABLE EARTH,"104E, 104E",8 Aug 2025,-,8 Aug 2025
Maersk,CONSCIENCE,"531S, 531S",8 Aug 2025,-,8 Aug 2025
Maersk,MILD TUNE,"530N, 530N",9 Aug 2025,-,10 Aug 2025
Maersk,CONSERO,"532S, 532S",10 Aug 2025,-,11 Aug 2025
Maersk,KOTA LAGU,"424N, 425S",12 Aug 2025,-,14 Aug 2025
Maersk,SEASPAN KYOTO,"123N, 124S",14 Aug 2025,-,16 Aug 2025
Maersk,GLORY GUANDONG,"533E, 533E",14 Aug 2025,-,15 Aug 2025
Maersk,HARMONIZED EARTH,"107E, 107E",15 Aug 2025,-,16 Aug 2025
Maersk,MILD TUNE,"533S, 533S",17 Aug 2025,-,18 Aug 2025
Maersk,MAERSK ALTAIR,"526W, 530E",5 Aug 2025,-,6 Aug 2025
Maersk,MAERSK HIDALGO,"525E, 532W",-,-,7 Aug 2025
Maersk,GSL Lydia,"526W, 530E",-,-,6 Aug 2025
Maersk,MAERSK TANJONG,"529W, 529W",6 Aug 2025,-,7 Aug 2025
Maersk,CMA CGM MEKONG,"527N, 531S",6 Aug 2025,-,7 Aug 2025
Maersk,VIRGO,"531S, 532E",7 Aug 2025,-,8 Aug 2025
Maersk,SEASPAN THAMES,"525W, 531E",8 Aug 2025,-,9 Aug 2025
Maersk,MAERSK SANTANA,"526E, 532E",8 Aug 2025,-,8 Aug 2025
Maersk,CCNI ARAUCO,"523W, 530E",8 Aug 2025,-,8 Aug 2025
Maersk,MAERSK LABERINTO,"525E, 531W",8 Aug 2025,-,9 Aug 2025
Maersk,Maersk Campton,"532W, 532W",8 Aug 2025,-,9 Aug 2025
Maersk,ZIM THAILAND,"012E, 013W",8 Aug 2025,-,9 Aug 2025
Maersk,MARGRETHE MAERSK,"525E, 532W",8 Aug 2025,-,10 Aug 2025
Maersk,AL NEFUD,"524E, 532W",8 Aug 2025,-,10 Aug 2025
Maersk,TRANCURA,"526W, 532E",8 Aug 2025,-,9 Aug 2025
Maersk,CHICAGO EXPRESS,"532E, 532E",9 Aug 2025,-,10 Aug 2025
Maersk,HANSA AUSTRALIA,"531W, 532N",9 Aug 2025,-,10 Aug 2025
Maersk,SANTA BARBARA,"527E, 531E",9 Aug 2025,-,10 Aug 2025
Maersk,Maria Y,"530W, 530W",10 Aug 2025,-,10 Aug 2025
Maersk,GRASMERE MAERSK,"531S, 532N",10 Aug 2025,-,11 Aug 2025
Maersk,Adrian Maersk,"526E, 533W",10 Aug 2025,-,11 Aug 2025
Maersk,MAERSK LUZ,"531E, 531E",11 Aug 2025,-,12 Aug 2025
Maersk,MAERSK VIRGINIA,"532S, 533E",11 Aug 2025,-,12 Aug 2025
Maersk,Maersk Frankfurt,"527W, 527W",11 Aug 2025,-,11 Aug 2025
Maersk,EMMA MAERSK,"526E, 533W",11 Aug 2025,-,13 Aug 2025
Maersk,SEROJA LIMA,"524W, 531E",12 Aug 2025,-,13 Aug 2025
Maersk,AL DAHNA EXPRESS,"525E, 533W",12 Aug 2025,-,14 Aug 2025
Maersk,MARCHEN MAERSK,"526E, 533W",12 Aug 2025,-,14 Aug 2025
Maersk,NORWALK,"528W, 532E",13 Aug 2025,-,13 Aug 2025
Maersk,X-Press Pisces,"529W, 532E",13 Aug 2025,-,14 Aug 2025
Maersk,MAERSK ATHABASCA,"533E, 533E",14 Aug 2025,-,14 Aug 2025
Maersk,VIRGO,"532W, 533N",14 Aug 2025,-,15 Aug 2025
Maersk,MAERSK HONG KONG,"525E, 533W",14 Aug 2025,-,15 Aug 2025
Maersk,MAERSK SAN CHRISTOBAL,"529N, 533S",14 Aug 2025,-,16 Aug 2025
Maersk,San Antonio Maersk,"527E, 533W",15 Aug 2025,-,16 Aug 2025
Maersk,MAERSK LIMA,"527W, 533E",15 Aug 2025,-,16 Aug 2025
Maersk,NAVIOS UNISON,"527W, 533E",16 Aug 2025,-,17 Aug 2025
Maersk,NANSHA EXPRESS,"531W, 531W",16 Aug 2025,-,17 Aug 2025
Maersk,GJERTRUD MAERSK,"528W, 532E",17 Aug 2025,-,18 Aug 2025
Maersk,ANTONIA MAERSK,"527E, 534W",17 Aug 2025,-,18 Aug 2025
Maersk,MONACO MAERSK,"527E, 534W",18 Aug 2025,-,19 Aug 2025
Maersk,HANSA AUSTRALIA,"533S, 534E",18 Aug 2025,-,19 Aug 2025
Maersk,MAERSK EMERALD,"527W, 532E",6 Aug 2025,-,7 Aug 2025
Maersk,Maersk Fortaleza,"526W, 532W",6 Aug 2025,-,7 Aug 2025
Maersk,MAERSK EDMONTON,"531W, 531W",7 Aug 2025,-,8 Aug 2025
Maersk,MAERSK ENSENADA,"524E, 532W",10 Aug 2025,-,11 Aug 2025
Maersk,MAERSK EL BOSQUE,"528W, 533E",12 Aug 2025,-,13 Aug 2025
Maersk,CMA CGM Shanghai,"533W, 533W",15 Aug 2025,-,16 Aug 2025
Maersk,CMA CGM AMERIGO VE,"533W, 533W",17 Aug 2025,-,18 Aug 2025
MSC,MSC ANCONA III,HO531A,-,-,2 Aug 2025
MSC,MSC IDANIA,FW529W,-,-,2 Aug 2025
MSC,MSC AUGUSTA III,"HS529R, HS531A",2 Aug 2025,-,2 Aug 2025
MSC,MSC PERLE,"FK527B, QB531W",2 Aug 2025,-,8 Aug 2025
MSC,ONE INFINITY,"007W, 007W",2 Aug 2025,-,4 Aug 2025
MSC,MSC MARIACRISTINA,"FD529W, FD529W",3 Aug 2025,-,4 Aug 2025
MSC,MSC VEGA,"FK530A, FK530A",3 Aug 2025,-,3 Aug 2025
MSC,MSC MADHU B,FI530A,-,-,3 Aug 2025
MSC,MSC LE HAVRE,"GN529E, GN529E",3 Aug 2025,-,3 Aug 2025
MSC,YM WARMTH,"041W, 041W",3 Aug 2025,-,4 Aug 2025
MSC,MSC AEBIN,"SX531A, SX531A",3 Aug 2025,-,3 Aug 2025
MSC,ZIM MOUNT ELBRUS,"7E, 7E",3 Aug 2025,-,5 Aug 2025
MSC,MSC SHANVI III,XA526A,4 Aug 2025,-,-
MSC,YM TUTORIAL,"018E, 018W",4 Aug 2025,-,6 Aug 2025
MSC,ONE ORINOCO,"2517W, 2530E",4 Aug 2025,-,5 Aug 2025
MSC,BUENAVENTURA EXPRESS,"2530E, 2530E",4 Aug 2025,-,5 Aug 2025
MSC,MSC STELLA,"ZF531A, ZF531A",4 Aug 2025,-,5 Aug 2025
MSC,MSC ANNA,"GT528W, GT528W",4 Aug 2025,-,6 Aug 2025
MSC,ONE TRUST,029W,-,-,4 Aug 2025
MSC,MSC SUAPE VII,XA530A,5 Aug 2025,-,-
MSC,MSC CALIDRIS III,"HB528R, HB532A",5 Aug 2025,-,6 Aug 2025
MSC,MSC MICHEL CAPPELLINI,"FY529A, FY529A",5 Aug 2025,-,6 Aug 2025
MSC,ONE INNOVATION,"007E, 008W",6 Aug 2025,-,8 Aug 2025
MSC,MSC CATERINA,"QK531W, QK531W",6 Aug 2025,-,8 Aug 2025
MSC,MSC MARIE LESLIE,"FK531A, FK531A",6 Aug 2025,-,7 Aug 2025
MSC,MSC GERMANY,"FW530W, FW530W",6 Aug 2025,-,7 Aug 2025
MSC,HMM COPENHAGEN,"0017W, 0017W",6 Aug 2025,-,7 Aug 2025
MSC,HMM GARNET,0006E,6 Aug 2025,-,-
MSC,MSC MARIE,FK526B,7 Aug 2025,-,-
MSC,MSC CORINNA,"HE530A, HS532A",7 Aug 2025,-,8 Aug 2025
MSC,MSC SOFIA PAZ,"UX529A, UX529A",7 Aug 2025,-,9 Aug 2025
MSC,YM WISH,"048W, 048W",8 Aug 2025,-,9 Aug 2025
MSC,MSC CELESTINO MARESCA,"GJ529W, GJ529W",8 Aug 2025,-,9 Aug 2025
MSC,ONE FORTUNE,"004W, 004W",8 Aug 2025,-,9 Aug 2025
MSC,OSAKA EXPRESS,"2518W, 2531E",8 Aug 2025,-,9 Aug 2025
MSC,MSC CHINA,"FY530A, FY530A",9 Aug 2025,-,10 Aug 2025
MSC,MSC CAPE III,"FP528R, FP531A",9 Aug 2025,-,10 Aug 2025
MSC,MSC CHERYL 3,"HO529R, HO532A",9 Aug 2025,-,10 Aug 2025
MSC,MSC PAOLA,"KN531A, KN531A",9 Aug 2025,-,10 Aug 2025
MSC,YM TOPMOST,022E,9 Aug 2025,-,-
MSC,TBN,QC532A,10 Aug 2025,-,-
MSC,MSC CANDICE,GO531N,10 Aug 2025,-,-
MSC,MSC SAVONA,QH531A,10 Aug 2025,-,-
MSC,MSC ILENIA,GL530W,10 Aug 2025,-,-
MSC,MSC JENNA,SX532A,10 Aug 2025,-,-
ONE,BUENAVENTURA EXPRESS,"2530, 2530E",-,-,-
ONE,YM TUTORIAL,"0018, 018W",-,-,-
ONE,ZHONG GU JI NAN,"0002, 1QAJSS1NC",2 Aug 2025,6 Aug 2025,7 Aug 2025
ONE,HMM RUBY,"0008, 008E",-,5 Aug 2025,6 Aug 2025
ONE,ONE INNOVATION,"0008, 008W",3 Aug 2025,6 Aug 2025,8 Aug 2025
ONE,YM UNICORN,"0076, 076W",-,5 Aug 2025,6 Aug 2025
ONE,STARSHIP VENUS,"2507, 2507S",3 Aug 2025,6 Aug 2025,6 Aug 2025
ONE,HMM COPENHAGEN,"0017, 017W",4 Aug 2025,6 Aug 2025,7 Aug 2025
ONE,ONE MAJESTY,"0020, 0020W",-,5 Aug 2025,7 Aug 2025
ONE,HYUNDAI PLUTO,"0042, 042E",-,8 Aug 2025,9 Aug 2025
ONE,NAVIOS CHRYSALIS,"0010, 010W",-,6 Aug 2025,7 Aug 2025
ONE,KMTC SHANGHAI,"2507, 2507N",-,6 Aug 2025,6 Aug 2025
ONE,MSC DITTE,"0529, GT529W",-,10 Aug 2025,11 Aug 2025
ONE,HYUNDAI PRIVILEGE,"0112, 0112S",-,7 Aug 2025,7 Aug 2025
ONE,SALERNO EXPRESS,"0531, 531W",5 Aug 2025,6 Aug 2025,6 Aug 2025
ONE,BLOOMING EARTH,"0088, 0088W",5 Aug 2025,5 Aug 2025,5 Aug 2025
ONE,HMM GARNET,"0006, 006E",5 Aug 2025,6 Aug 2025,7 Aug 2025
ONE,NYK FURANO,"0023, 023E",5 Aug 2025,5 Aug 2025,6 Aug 2025
ONE,OSAKA EXPRESS,"2531, 2531E",5 Aug 2025,7 Aug 2025,8 Aug 2025
ONE,MSC GERMANY,"0530, FW530W",-,6 Aug 2025,7 Aug 2025
ONE,ARIES,"0530, 530S",5 Aug 2025,8 Aug 2025,8 Aug 2025
ONE,HMM VANCOUVER,"0300, 300E",-,7 Aug 2025,8 Aug 2025
ONE,KMTC SEOUL,"2507, 2507S",-,7 Aug 2025,8 Aug 2025
ONE,ONE FORTUNE,"0004, 004W",5 Aug 2025,8 Aug 2025,9 Aug 2025
ONE,ESL SANA,"2532, 02532W",6 Aug 2025,8 Aug 2025,9 Aug 2025
ONE,SITC PORT KLANG,"2507, 2507S",6 Aug 2025,6 Aug 2025,7 Aug 2025
ONE,MARINA ONE,"0035, 0035S",6 Aug 2025,6 Aug 2025,6 Aug 2025
ONE,HAIAN OPUS,"0014, 0014W",6 Aug 2025,6 Aug 2025,7 Aug 2025
ONE,HMM TURQUOISE,"0005, 005E",6 Aug 2025,9 Aug 2025,11 Aug 2025
ONE,COSCO ASHDOD,"0089, 089W",7 Aug 2025,7 Aug 2025,8 Aug 2025
ONE,OOCL CHARLESTON,"0251, 251W",7 Aug 2025,8 Aug 2025,9 Aug 2025
ONE,YM WISH,"0048, 048W",7 Aug 2025,7 Aug 2025,9 Aug 2025
ONE,CHIBA C,"0532, 532W",7 Aug 2025,7 Aug 2025,8 Aug 2025
ONE,NAVIOS LAPIS,"0007, 0007E",7 Aug 2025,8 Aug 2025,9 Aug 2025
ONE,MARIA C,"0085, 0085S",7 Aug 2025,8 Aug 2025,8 Aug 2025
ONE,ONE IBIS,"0034, 034E",7 Aug 2025,10 Aug 2025,11 Aug 2025
ONE,NYK FUSHIMI,"0133, 133S",7 Aug 2025,8 Aug 2025,8 Aug 2025
ONE,YM TOPMOST,"0022, 022W",7 Aug 2025,11 Aug 2025,12 Aug 2025
ONE,LIMA EXPRESS,"2531, 2531E",8 Aug 2025,8 Aug 2025,9 Aug 2025
ONE,AVIOS,"2512, 2512S",8 Aug 2025,8 Aug 2025,9 Aug 2025
ONE,MSC ISTANBUL,"0531, GL531W",8 Aug 2025,8 Aug 2025,9 Aug 2025
ONE,TAMPA I,"0026, 026E",9 Aug 2025,9 Aug 2025,10 Aug 2025
ONE,CHIBA C,"0088, 088E",9 Aug 2025,9 Aug 2025,10 Aug 2025
ONE,ONE PARANA,"2532, 2532W",9 Aug 2025,10 Aug 2025,11 Aug 2025
ONE,ONE COMPETENCE,"0094, 094W",9 Aug 2025,11 Aug 2025,13 Aug 2025
ONE,MSC VIVIANA,"0524, GT524E",10 Aug 2025,10 Aug 2025,10 Aug 2025
ONE,MSC ANNABELLA,"0531, FW531W",10 Aug 2025,10 Aug 2025,11 Aug 2025
ONE,NAVIOS MAGNOLIA,"0123, 123W",10 Aug 2025,11 Aug 2025,11 Aug 2025
ONE,XIN YAN TIAN,"0107, 1QAJUS1NC",10 Aug 2025,10 Aug 2025,12 Aug 2025
ONE,SAPPHIRE,"0532, 532W",10 Aug 2025,11 Aug 2025,12 Aug 2025
ONE,KMTC SHANGHAI,"2508, 2508S",11 Aug 2025,11 Aug 2025,11 Aug 2025
ONE,MSC ILENIA,"0530, GL530W",11 Aug 2025,11 Aug 2025,11 Aug 2025
ONE,MSC AUDREY,"0531, FD531W",11 Aug 2025,11 Aug 2025,12 Aug 2025
ONE,POSORJA EXPRESS,"2532, 2532E",11 Aug 2025,14 Aug 2025,15 Aug 2025
ONE,HMM HANBADA,"0016, 016W",11 Aug 2025,11 Aug 2025,12 Aug 2025
ONE,ZHONG GU CHONG QING,"2506, 25006W",11 Aug 2025,11 Aug 2025,12 Aug 2025
ONE,HMM TOPAZ,"0007, 007E",11 Aug 2025,15 Aug 2025,16 Aug 2025
ONE,HYUNDAI PRESTIGE,"0111, 0111E",11 Aug 2025,11 Aug 2025,12 Aug 2025
ONE,WIDE JULIET,"0114, 0114S",11 Aug 2025,11 Aug 2025,12 Aug 2025
ONE,CMA CGM DEBUSSY,"0105, 0K105W1MA",11 Aug 2025,12 Aug 2025,12 Aug 2025
ONE,SCARLET ARROW,"0321, 0321W",12 Aug 2025,12 Aug 2025,12 Aug 2025
ONE,HMM PERIDOT,"0006, 006W",12 Aug 2025,14 Aug 2025,15 Aug 2025
ONE,ONE TRADITION,"0027, 027W",12 Aug 2025,15 Aug 2025,16 Aug 2025
ONE,EVER SALUTE,"0124, 124E",12 Aug 2025,15 Aug 2025,15 Aug 2025
ONE,MSC NELA,"0522, GJ522E",12 Aug 2025,12 Aug 2025,14 Aug 2025
ONE,KOTA SAHABAT,"0532, 532W",12 Aug 2025,13 Aug 2025,13 Aug 2025
ONE,HMM MIRACLE,"0010, 0010W",12 Aug 2025,13 Aug 2025,13 Aug 2025
ONE,YM TOTALITY,"0025, 025E",13 Aug 2025,15 Aug 2025,15 Aug 2025
ONE,CHRISTA SCHULTE,"0532, 532S",13 Aug 2025,13 Aug 2025,13 Aug 2025
ONE,MSC REEF,"0530, GT530W",13 Aug 2025,13 Aug 2025,14 Aug 2025
ONE,TS SHEKOU,"2507, 25007S",13 Aug 2025,13 Aug 2025,14 Aug 2025
ONE,YM MUTUALITY,"0108, 108E",13 Aug 2025,15 Aug 2025,16 Aug 2025
ONE,HUMBOLDT EXPRESS,"2532, 2532E",13 Aug 2025,13 Aug 2025,14 Aug 2025
ONE,ESL WASL,"2533, 02533W",13 Aug 2025,13 Aug 2025,14 Aug 2025
ONE,PARANAGUA EXPRESS,"2533, 2533W",14 Aug 2025,16 Aug 2025,17 Aug 2025
ONE,KOTA GAYA,"0420, 0420S",14 Aug 2025,14 Aug 2025,15 Aug 2025
ONE,YM TRILLION,"0016, 016E",14 Aug 2025,17 Aug 2025,18 Aug 2025
ONE,ZHONG GU SHAN DONG,"0533, 533W",14 Aug 2025,16 Aug 2025,16 Aug 2025
ONE,SEASPAN KYOTO,"0124, 124S",14 Aug 2025,14 Aug 2025,15 Aug 2025
ONE,BAI CHAY BRIDGE,"0145, 145W",14 Aug 2025,14 Aug 2025,15 Aug 2025
ONE,YM WORLD,"0046, 046W",14 Aug 2025,14 Aug 2025,16 Aug 2025
ONE,MSC ROSA M,"0532, FD532W",14 Aug 2025,14 Aug 2025,16 Aug 2025
ONE,YM MOVEMENT,"0082, 082E",14 Aug 2025,17 Aug 2025,17 Aug 2025
ONE,ONE FRUITION,"0008, 008E",14 Aug 2025,17 Aug 2025,18 Aug 2025
ONE,YM TOGETHER,"0019, 019W",15 Aug 2025,18 Aug 2025,19 Aug 2025
ONE,ZEPHYR LUMOS,"0016, 016W",15 Aug 2025,17 Aug 2025,19 Aug 2025
ONE,SITC MAKASSAR,"2509, 2509S",15 Aug 2025,16 Aug 2025,16 Aug 2025
ONE,MSC KATIE,"0531, GT531W",15 Aug 2025,15 Aug 2025,16 Aug 2025
ONE,ZHONG GU FU ZHOU,"0001, 1QAJWS1NC",15 Aug 2025,15 Aug 2025,16 Aug 2025
ONE,SUSTAINABLE EARTH,"0104, 0104E",15 Aug 2025,15 Aug 2025,15 Aug 2025
ONE,KMTC POHANG,"2510, 2510S",15 Aug 2025,16 Aug 2025,17 Aug 2025
ONE,WAN HAI 510,"0191, W191",15 Aug 2025,15 Aug 2025,17 Aug 2025
ONE,MSC IVANA,"0526, QB533W",15 Aug 2025,15 Aug 2025,16 Aug 2025
ONE,HMM HANUL,"0021, 021W",15 Aug 2025,16 Aug 2025,16 Aug 2025
ONE,MSC ROME,"0532, GL532W",17 Aug 2025,17 Aug 2025,19 Aug 2025
ONE,VULPECULA,"0533, 533W",17 Aug 2025,18 Aug 2025,18 Aug 2025
ONE,BEAR MOUNTAIN BRIDGE,"0128, 128E",18 Aug 2025,18 Aug 2025,19 Aug 2025
ONE,SC MONTREUX,"0107, 0K107W1MA",18 Aug 2025,19 Aug 2025,19 Aug 2025
ONE,INTEGRATIVE EARTH,"0111, 0111W",19 Aug 2025,19 Aug 2025,19 Aug 2025
PIL,NYK FURANO,0023E,5 Aug 2025,7 Aug 2025,8 Aug 2025
PIL,EVER LISSOME,0069E,5 Aug 2025,8 Aug 2025,9 Aug 2025
PIL,COSCO SHIPPING CHILE,0004W,6 Aug 2025,7 Aug 2025,8 Aug 2025
PIL,COSCO ASHDOD,0089W,6 Aug 2025,7 Aug 2025,8 Aug 2025
PIL,OOCL CANADA,0115S,6 Aug 2025,8 Aug 2025,9 Aug 2025
PIL,CMA CGM PERTH,0472S,7 Aug 2025,10 Aug 2025,10 Aug 2025
PIL,CHIBA C,0532W,7 Aug 2025,7 Aug 2025,8 Aug 2025
PIL,CHIBA C,0088E,7 Aug 2025,7 Aug 2025,8 Aug 2025
PIL,KOTA SURIA,0076W,8 Aug 2025,9 Aug 2025,10 Aug 2025
PIL,KOTA CALLAO,0016W,8 Aug 2025,8 Aug 2025,9 Aug 2025
PIL,TS MUMBAI,2503S,9 Aug 2025,9 Aug 2025,10 Aug 2025
PIL,EVER FAME,0025W,9 Aug 2025,9 Aug 2025,10 Aug 2025
PIL,GSL MAMITSA,0001W,9 Aug 2025,9 Aug 2025,10 Aug 2025
PIL,TS SYDNEY,2504N,9 Aug 2025,9 Aug 2025,10 Aug 2025
PIL,KOTA CARUM,0088E,9 Aug 2025,10 Aug 2025,11 Aug 2025
PIL,EVER LEADER,0074E,9 Aug 2025,9 Aug 2025,10 Aug 2025
PIL,KOTA ODYSSEY,0001W,10 Aug 2025,12 Aug 2025,13 Aug 2025
PIL,KOTA PRIMROSE,0009W,10 Aug 2025,11 Aug 2025,12 Aug 2025
PIL,EVER SMART,0137W,11 Aug 2025,11 Aug 2025,12 Aug 2025
PIL,ZHONG GU CHENG DU,5024S,11 Aug 2025,11 Aug 2025,13 Aug 2025
PIL,KOTA SABAS,0097W,11 Aug 2025,13 Aug 2025,14 Aug 2025
PIL,SUVA CHIEF,2519S,12 Aug 2025,12 Aug 2025,13 Aug 2025
PIL,KOTA SAHABAT,0532W,12 Aug 2025,13 Aug 2025,13 Aug 2025
PIL,WAN HAI A02,0013E,13 Aug 2025,13 Aug 2025,14 Aug 2025
PIL,CSCL SPRING,0063E,13 Aug 2025,13 Aug 2025,14 Aug 2025
PIL,OOCL DURBAN,0033S,14 Aug 2025,14 Aug 2025,15 Aug 2025
PIL,KOTA GAYA,0420S,14 Aug 2025,14 Aug 2025,15 Aug 2025
PIL,ZHONG GU SHAN DONG,0533W,14 Aug 2025,16 Aug 2025,16 Aug 2025
PIL,COSCO SHIPPING ARGENTINA,0007W,14 Aug 2025,15 Aug 2025,16 Aug 2025
PIL,BAI CHAY BRIDGE,0145W,14 Aug 2025,14 Aug 2025,15 Aug 2025
PIL,EVER FAST,0025W,15 Aug 2025,15 Aug 2025,16 Aug 2025
PIL,TIAN SHUN HE,2505S,16 Aug 2025,16 Aug 2025,17 Aug 2025
PIL,WAN HAI 612,0083E,16 Aug 2025,16 Aug 2025,17 Aug 2025
PIL,EVER LINKING,0066E,16 Aug 2025,16 Aug 2025,17 Aug 2025
PIL,IAL 001,0197W,16 Aug 2025,17 Aug 2025,18 Aug 2025
PIL,KOTA EMERALD,0004E,16 Aug 2025,17 Aug 2025,18 Aug 2025
PIL,WAN HAI A07,0016W,17 Aug 2025,18 Aug 2025,19 Aug 2025
PIL,KOTA SELAMAT,0513W,17 Aug 2025,18 Aug 2025,18 Aug 2025
PIL,BEAR MOUNTAIN BRIDGE,0128E,18 Aug 2025,18 Aug 2025,19 Aug 2025
PIL,HEMMA BHUM,0009W,18 Aug 2025,18 Aug 2025,19 Aug 2025
PIL,KOTA LIHAT,0216S,18 Aug 2025,20 Aug 2025,21 Aug 2025
PIL,SAN PEDRO,5007W,18 Aug 2025,18 Aug 2025,19 Aug 2025
PIL,STARSHIP MERCURY,2508S,19 Aug 2025,20 Aug 2025,20 Aug 2025
PIL,KOTA SEMPENA,0533W,19 Aug 2025,19 Aug 2025,20 Aug 2025
PIL,KOTA OCEAN,0012W,19 Aug 2025,19 Aug 2025,20 Aug 2025
PIL,CMA CGM BUZIOS,0008W,19 Aug 2025,19 Aug 2025,20 Aug 2025
Sinokor,TS TIANJIN,25008S,31 Jul 2025,1 Aug 2025,1 Aug 2025
Sinokor,TS CHENNAI,25004W,1 Aug 2025,1 Aug 2025,1 Aug 2025
Sinokor,EVER VAST,014S,1 Aug 2025,1 Aug 2025,2 Aug 2025
Sinokor,GANTA BHUM,061E,31 Jul 2025,2 Aug 2025,2 Aug 2025
Sinokor,YEOSU VOYAGER,2507S,1 Aug 2025,2 Aug 2025,3 Aug 2025
Sinokor,SAWASDEE BALTIC,2506S,31 Jul 2025,3 Aug 2025,3 Aug 2025
Sinokor,SITC XIN,2507N,3 Aug 2025,4 Aug 2025,4 Aug 2025
Sinokor,NINGBO TRADER,2526E,2 Aug 2025,4 Aug 2025,5 Aug 2025
Sinokor,MELBOURNE BRIDGE,2504W,2 Aug 2025,4 Aug 2025,5 Aug 2025
Sinokor,STARSHIP JUPITER,2506S,3 Aug 2025,4 Aug 2025,5 Aug 2025
Sinokor,SAWASDEE XIAMEN,2507S,4 Aug 2025,4 Aug 2025,5 Aug 2025
Sinokor,PEGASUS HOPE,2506E,3 Aug 2025,3 Aug 2025,5 Aug 2025
Sinokor,SHANGHAI VOYAGER,2507S,3 Aug 2025,4 Aug 2025,5 Aug 2025
Sinokor,HYUNDAI COURAGE,0119W,5 Aug 2025,5 Aug 2025,6 Aug 2025
Sinokor,CELSIUS ESSEN,012W,3 Aug 2025,5 Aug 2025,6 Aug 2025
Sinokor,KWANGYANG VOYAGER,2506N,3 Aug 2025,5 Aug 2025,6 Aug 2025
Sinokor,HMM MONGLA,0024S,6 Aug 2025,6 Aug 2025,6 Aug 2025
Sinokor,KMTC TAIPEIS,2509S,3 Aug 2025,7 Aug 2025,7 Aug 2025
Sinokor,GRACE BRIDGE,2504W,4 Aug 2025,6 Aug 2025,7 Aug 2025
Sinokor,URU BHUM,155W,6 Aug 2025,6 Aug 2025,7 Aug 2025
Sinokor,WAN HAI 721,022W,5 Aug 2025,6 Aug 2025,7 Aug 2025
Sinokor,ESL ASANTE,02532E,6 Aug 2025,6 Aug 2025,7 Aug 2025
Sinokor,SURABAYA VOYAGER,2505N,7 Aug 2025,7 Aug 2025,8 Aug 2025
Sinokor,HOCHIMINH VOYAGER,2507S,4 Aug 2025,7 Aug 2025,8 Aug 2025
Sinokor,KMTC XIAMEN,2506S,7 Aug 2025,7 Aug 2025,8 Aug 2025
Sinokor,NINGBO VOYAGER,2505E,7 Aug 2025,8 Aug 2025,8 Aug 2025
Sinokor,EVER VERSE,004S,8 Aug 2025,8 Aug 2025,8 Aug 2025
Sinokor,MUMBAI BRIDGE,2505W,7 Aug 2025,8 Aug 2025,9 Aug 2025
Sinokor,NINGBO VOYAGER,2506N,7 Aug 2025,8 Aug 2025,9 Aug 2025
Sinokor,NINGBO TRADER,2527E,9 Aug 2025,10 Aug 2025,10 Aug 2025
Sinokor,SITC XIN,2508S,9 Aug 2025,10 Aug 2025,11 Aug 2025
Sinokor,JAKARTA VOYAGER,2506N,9 Aug 2025,10 Aug 2025,11 Aug 2025
Sinokor,EVER VIVE,007S,10 Aug 2025,10 Aug 2025,11 Aug 2025
Sinokor,KWANGYANG VOYAGER,2507S,10 Aug 2025,11 Aug 2025,11 Aug 2025
Sinokor,ESL SHEKOU,02525W,11 Aug 2025,11 Aug 2025,11 Aug 2025
Sinokor,NAVIOS BAHAMAS,910W,10 Aug 2025,11 Aug 2025,12 Aug 2025
Sinokor,SAWASDEE PACIFIC,2517S,11 Aug 2025,11 Aug 2025,12 Aug 2025
Sinokor,PEGASUS HOPE,2507E,11 Aug 2025,11 Aug 2025,12 Aug 2025
Sinokor,TIANJIN VOYAGER,2506N,11 Aug 2025,11 Aug 2025,12 Aug 2025
Sinokor,INTERASIA ACCELERATE,009W,12 Aug 2025,13 Aug 2025,14 Aug 2025
Sinokor,TS SYDNEY,25005W,13 Aug 2025,13 Aug 2025,14 Aug 2025
Sinokor,SAWASDEE ALTAIR,2508S,14 Aug 2025,14 Aug 2025,15 Aug 2025
Sinokor,SAWASDEE CHITTAGONG,2507S,15 Aug 2025,15 Aug 2025,15 Aug 2025
Sinokor,SAWASDEE SUNRISE,2516E,16 Aug 2025,16 Aug 2025,16 Aug 2025
Sinokor,HEUNG-A BANGKOK,2507N,16 Aug 2025,16 Aug 2025,17 Aug 2025
Sinokor,HMM GREEN,0002W,16 Aug 2025,17 Aug 2025,17 Aug 2025
Sinokor,JAKARTA VOYAGER,2507S,16 Aug 2025,16 Aug 2025,17 Aug 2025
Sinokor,NINGBO TRADER,2528E,16 Aug 2025,17 Aug 2025,17 Aug 2025
Sinokor,NINGBO VOYAGER,2507S,16 Aug 2025,17 Aug 2025,17 Aug 2025
Sinokor,SAWASDEE RIGEL,2509S,17 Aug 2025,17 Aug 2025,18 Aug 2025
Sinokor,GFS GISELLE,2510W,17 Aug 2025,17 Aug 2025,18 Aug 2025
Sinokor,SAWASDEE THAILAND,2515E,16 Aug 2025,17 Aug 2025,18 Aug 2025
Sinokor,ANTWERP BRIDGE,2504W,16 Aug 2025,18 Aug 2025,19 Aug 2025
Sinokor,PEGASUS HOPE,2508E,18 Aug 2025,18 Aug 2025,19 Aug 2025
Sinokor,TIANJIN VOYAGER,2507S,18 Aug 2025,18 Aug 2025,19 Aug 2025
Sinokor,STAR,2504W,19 Aug 2025,19 Aug 2025,19 Aug 2025
Sinokor,CHENNAI VOYAGER,2506N,19 Aug 2025,19 Aug 2025,20 Aug 2025
Sinokor,HMM DHAKA,0039S,20 Aug 2025,21 Aug 2025,21 Aug 2025
Sinokor,SAWASDEE INCHEON,2508S,20 Aug 2025,20 Aug 2025,21 Aug 2025
Sinokor,YEOSU VOYAGER,2507N,19 Aug 2025,21 Aug 2025,21 Aug 2025
Sinokor,X-PRESS CAPELLA,25408W,20 Aug 2025,20 Aug 2025,21 Aug 2025
Sinokor,NORTHERN GUARD,934W,20 Aug 2025,20 Aug 2025,21 Aug 2025
Sinokor,TS TIANJIN,25009S,21 Aug 2025,21 Aug 2025,22 Aug 2025
Sinokor,INCHEON VOYAGER,2506S,21 Aug 2025,22 Aug 2025,22 Aug 2025
Sinokor,HEUNG-A BANGKOK,2508S,21 Aug 2025,22 Aug 2025,22 Aug 2025
Sinokor,QINGDAO VOYAGER,2506E,22 Aug 2025,22 Aug 2025,22 Aug 2025
Sinokor,SEASPAN BELLWETHER,0100W,22 Aug 2025,22 Aug 2025,23 Aug 2025
Sinokor,EVER VERT,010S,23 Aug 2025,23 Aug 2025,23 Aug 2025
Sinokor,SAWASDEE SUNRISE,2517E,22 Aug 2025,23 Aug 2025,24 Aug 2025
Sinokor,NINGBO TRADER,2529E,24 Aug 2025,24 Aug 2025,24 Aug 2025
Sinokor,SAWASDEE BALTIC,2506N,24 Aug 2025,24 Aug 2025,25 Aug 2025
Sinokor,SHANGHAI VOYAGER,2507N,23 Aug 2025,24 Aug 2025,25 Aug 2025
Sinokor,EVER VAST,015S,25 Aug 2025,25 Aug 2025,26 Aug 2025
Sinokor,PEGASUS HOPE,2509E,25 Aug 2025,26 Aug 2025,26 Aug 2025
Sinokor,BEIJING BRIDGE,2504W,24 Aug 2025,25 Aug 2025,26 Aug 2025
Sinokor,CHENNAI VOYAGER,2507S,25 Aug 2025,25 Aug 2025,26 Aug 2025
Sinokor,SAWASDEE ATLANTIC,2522S,25 Aug 2025,25 Aug 2025,26 Aug 2025
Sinokor,KMTC SURABAYA,2507S,26 Aug 2025,27 Aug 2025,27 Aug 2025
Sinokor,KMTC TAIPEIS,2510S,26 Aug 2025,27 Aug 2025,27 Aug 2025
Sinokor,HMM CHITTAGONG,0037S,27 Aug 2025,27 Aug 2025,28 Aug 2025
Sinokor,WAN HAI 611,079W,27 Aug 2025,27 Aug 2025,28 Aug 2025
Sinokor,WAN HAI 623,022E,26 Aug 2025,27 Aug 2025,28 Aug 2025
Sinokor,YEOSU VOYAGER,2508S,27 Aug 2025,27 Aug 2025,28 Aug 2025
Sinokor,SYDNEY BRIDGE,2506W,26 Aug 2025,27 Aug 2025,28 Aug 2025
Sinokor,TS HONGKONG,25005E,27 Aug 2025,27 Aug 2025,28 Aug 2025
Sinokor,HOCHIMINH VOYAGER,2507N,28 Aug 2025,28 Aug 2025,29 Aug 2025
Sinokor,KMTC SHENZHEN,2507E,28 Aug 2025,29 Aug 2025,29 Aug 2025
Sinokor,SAWASDEE XIAMEN,2508S,30 Aug 2025,30 Aug 2025,31 Aug 2025
Sinokor,SAWASDEE THAILAND,2516E,30 Aug 2025,30 Aug 2025,31 Aug 2025
Sinokor,SITC XIN,2508N,30 Aug 2025,30 Aug 2025,31 Aug 2025
Sinokor,SAWASDEE BALTIC,2507S,30 Aug 2025,30 Aug 2025,31 Aug 2025
Sinokor,NINGBO TRADER,2530E,31 Aug 2025,31 Aug 2025,31 Aug 2025
Sinokor,SHANGHAI VOYAGER,2508S,30 Aug 2025,31 Aug 2025,31 Aug 2025
SML,EVER ELITE,0176W,1 Aug 2025,4 Aug 2025,5 Aug 2025
SML,HMM RUBY,0008E,2 Aug 2025,5 Aug 2025,6 Aug 2025
SML,SM QINGDAO,2505E,3 Aug 2025,6 Aug 2025,6 Aug 2025
SML,HAI LONG 999,2532E,-,-,-
SML,HAI LONG 999,2532E,-,-,-
SML,HAI LONG 999,2532E,-,-,-
SML,HAI LONG 999,2532E,-,-,-
SML,SM LONG BEACH,2505E,5 Aug 2025,6 Aug 2025,7 Aug 2025
SML,SM JAKARTA,2510W,5 Aug 2025,7 Aug 2025,8 Aug 2025
SML,ZE XIN JUN JIE,2532E,6 Aug 2025,6 Aug 2025,6 Aug 2025
SML,ZE XIN JUN JIE,2532E,6 Aug 2025,6 Aug 2025,6 Aug 2025
SML,ZE XIN JUN JIE,2532E,6 Aug 2025,6 Aug 2025,6 Aug 2025
SML,ZE XIN JUN JIE,2532E,6 Aug 2025,6 Aug 2025,6 Aug 2025
SML,REN JIAN 6,2510S,6 Aug 2025,8 Aug 2025,8 Aug 2025
SML,HMM TURQUOISE,0005E,6 Aug 2025,7 Aug 2025,8 Aug 2025
SML,SKY RAINBOW,2510S,7 Aug 2025,8 Aug 2025,8 Aug 2025
SML,KOTA LUKIS,2505E,8 Aug 2025,9 Aug 2025,9 Aug 2025
SML,TAMPA I,0027W,8 Aug 2025,9 Aug 2025,10 Aug 2025
SML,HMM TOPAZ,0007E,9 Aug 2025,9 Aug 2025,10 Aug 2025
SML,HONOR BRIGHT,1009E,9 Aug 2025,10 Aug 2025,10 Aug 2025
SML,POS BANGKOK,1072S,10 Aug 2025,11 Aug 2025,11 Aug 2025
SML,HAI LONG 999,2533E,12 Aug 2025,12 Aug 2025,12 Aug 2025
SML,PUHAI 215,2533E,12 Aug 2025,12 Aug 2025,12 Aug 2025
SML,HAI LONG 999,2533E,12 Aug 2025,12 Aug 2025,12 Aug 2025
SML,PUHAI 215,2533E,12 Aug 2025,12 Aug 2025,12 Aug 2025
SML,HAI LONG 999,2533E,12 Aug 2025,12 Aug 2025,12 Aug 2025
SML,PUHAI 215,2533E,12 Aug 2025,12 Aug 2025,12 Aug 2025
SML,HAI LONG 999,2533E,12 Aug 2025,12 Aug 2025,12 Aug 2025
SML,PUHAI 215,2533E,12 Aug 2025,12 Aug 2025,12 Aug 2025
SML,SM KWANGYANG,2506E,12 Aug 2025,12 Aug 2025,13 Aug 2025
SML,SUNNY LAUREL,2514S,14 Aug 2025,15 Aug 2025,15 Aug 2025
SML,POS SINGAPORE,1023S,14 Aug 2025,15 Aug 2025,16 Aug 2025
SML,HAI LONG 666,2533E,15 Aug 2025,15 Aug 2025,15 Aug 2025
SML,HAI LONG 666,2533E,15 Aug 2025,15 Aug 2025,15 Aug 2025
SML,HAI LONG 666,2533E,15 Aug 2025,15 Aug 2025,15 Aug 2025
SML,HAI LONG 666,2533E,15 Aug 2025,15 Aug 2025,15 Aug 2025
SML,STARSHIP PEGASUS,2510W,15 Aug 2025,15 Aug 2025,16 Aug 2025
SML,HONOR BRIGHT,1010E,15 Aug 2025,16 Aug 2025,16 Aug 2025
SML,ESL OMAN,2533W,16 Aug 2025,16 Aug 2025,17 Aug 2025
SML,SM PORTLAND,2505E,16 Aug 2025,16 Aug 2025,17 Aug 2025
SML,SKY IRIS,2522S,16 Aug 2025,18 Aug 2025,18 Aug 2025
SML,POS LAEMCHABANG,1025W,17 Aug 2025,19 Aug 2025,19 Aug 2025
SML,SM BUSAN,2506E,18 Aug 2025,18 Aug 2025,19 Aug 2025
Unifeeder,CELSIUS ESSEN,"012, 2512N, 2512N",5 Aug 2025,-,6 Aug 2025
Unifeeder,WAN HAI 721,"1, 2501N, 2501N",5 Aug 2025,-,6 Aug 2025
Unifeeder,NINGBO VOYAGER,"4, 2504S, 2504S",5 Aug 2025,-,6 Aug 2025
Unifeeder,Shimin,"30, 2530S, 2530S",10 Aug 2025,-,11 Aug 2025
Unifeeder,NAVIOS BAHAMAS,"910, 25LEN, 25LEN",10 Aug 2025,-,12 Aug 2025
Unifeeder,INTERASIA ACCELERATE,"7, 2507N, 2507N",12 Aug 2025,-,14 Aug 2025
Unifeeder,TS SYDNEY,"21, 2521S, 2521S",13 Aug 2025,-,15 Aug 2025
Unifeeder,ANTWERP BRIDGE,"3, 2503N, 2503N",18 Aug 2025,-,18 Aug 2025
YML,MSC NEW YORK,"FW525E, FE62516E",-,-,-
YML,HMM PERIDOT,"006W, MS22516C, MS22516D",-,-,-
YML,ONE FREEDOM,"010W, MS22517C, MS22517D",-,-,-
YML,MSC ELEONORE,"FD530W, MD42530W",-,-,-
YML,MSC NELA,"GJ522E, MD52522E",-,-,-
YML,YM INTELLIGENT,"272N, 272S, TCX2530N, TCX2530S",-,-,-
YML,YM INTELLIGENT,"273N, 273S, TCX2532N, TCX2532S",-,-,-
YML,HMM GARNET,"006E, MS22522AA, MS22522AB",5 Aug 2025,-,7 Aug 2025
YML,KMTC SEOUL,"2507S, 2507S, KCX2530S, KCX2530S",5 Aug 2025,-,8 Aug 2025
YML,COSCO SHIPPING CHILE,"003E, 004W, SA52517E, SA52531W",5 Aug 2025,-,6 Aug 2025
YML,ONE FORTUNE,"004W, MS22516AC, MS22516AD",5 Aug 2025,-,9 Aug 2025
YML,SITC NINGBO,"2530N, 2531S, SK22530N, SK22531S",6 Aug 2025,-,7 Aug 2025
YML,COSCO AFRICA,"094W, 095E, CEN2524W, CEN2531E",6 Aug 2025,-,7 Aug 2025
YML,HMM VANCOUVER,"299W, 300E, PN32524W, PN32531E",6 Aug 2025,-,8 Aug 2025
YML,MSC GERMANY,"FW530W, FW530W, FE62530W, FE62530W",6 Aug 2025,-,7 Aug 2025
YML,HMM TURQUOISE,"004W, 005E, PS62523W, PS62531E",6 Aug 2025,-,8 Aug 2025
YML,OOCL JAKARTA,"184E, 185W, CPX2525E, CPX2531W",7 Aug 2025,-,9 Aug 2025
YML,ZHONG GU DONG HAI,"530N, 532S, CTK2529N, CTK2532S",7 Aug 2025,-,7 Aug 2025
YML,MARIA C,"0084N, 0085S, KCX2526N, KCX2531S",7 Aug 2025,-,8 Aug 2025
YML,YM WISH,"047E, 048W, MD12516E, MD12532W",7 Aug 2025,-,9 Aug 2025
YML,ONE IBIS,"033W, 034E, EC22519W, EC22531E",7 Aug 2025,-,11 Aug 2025
YML,YM CONTINENT,"070E, 072W, CGX2523E, CGX2531W",7 Aug 2025,-,8 Aug 2025
YML,COSCO HOUSTON,"129N, 130S, CTI2528N, CTI2532S",8 Aug 2025,-,9 Aug 2025
YML,YM IDEALS,"435N, 435S, TCX2531N, TCX2531S",8 Aug 2025,-,8 Aug 2025
YML,DEAR PANEL,"010N, 011S, CTE2529N, CTE2532S",8 Aug 2025,-,9 Aug 2025
YML,EVER FAME,"1641-024E, 1655-025W, SA32518E, SA32532W",9 Aug 2025,-,10 Aug 2025
YML,TS SYDNEY,"2504N, CAT2525N",9 Aug 2025,-,10 Aug 2025
YML,KOTA CARUM,"087W, 088E, SA82521W, SA82532E",9 Aug 2025,-,11 Aug 2025
YML,YM TOPMOST,"022W, 022W, FP22517AC, FP22517AD",9 Aug 2025,-,11 Aug 2025
YML,HMM TOPAZ,"006W, 007E, PS62524W, PS62532E",9 Aug 2025,-,10 Aug 2025
YML,BUXMELODY,"228N, 229S, CTS2529N, CTS2532S",9 Aug 2025,-,10 Aug 2025
YML,OOCL LE HAVRE,"200E, 201W, CPX2526E, CPX2532W",9 Aug 2025,-,10 Aug 2025
YML,ONE COMPETENCE,"094W, 094W, PS32523C, PS32523D",9 Aug 2025,-,11 Aug 2025
YML,MSC VIVIANA,"GT524E, MD32514E",10 Aug 2025,-,10 Aug 2025
YML,MSC DITTE,"GT521E, GT529W, MD32511E, MD32529W",10 Aug 2025,-,11 Aug 2025
YML,HAI FENG LIAN XING,"2530N, 2531S, NSK2531N, NSK2532S",10 Aug 2025,-,12 Aug 2025
YML,MSC ISTANBUL,"FD521E, MD42513E",10 Aug 2025,-,12 Aug 2025
YML,MSC ILENIA,"GL522E, GL530W, FE52514E, FE52530W",11 Aug 2025,-,11 Aug 2025
YML,MSC AUDREY,"FW524E, FE62515E",11 Aug 2025,-,12 Aug 2025
YML,CSCL SPRING,"062W, 063E, SA62520W, SA62531E",11 Aug 2025,-,12 Aug 2025
YML,HMM HANBADA,"015E, 016W, AG12521E, AG12531W",11 Aug 2025,-,12 Aug 2025
YML,EVER SALUTE,"124E, EC42531E",11 Aug 2025,-,11 Aug 2025
YML,YM TOTALITY,"025E, EC22532E",11 Aug 2025,-,13 Aug 2025
YML,ZHONG GU CHENG DU,"25024S, CA22532S",11 Aug 2025,-,13 Aug 2025
YML,ONE TRADITION,"027W, FE42532W",12 Aug 2025,-,13 Aug 2025
YML,SITC NINGBO,"2531N, 2532S, SK22531N, SK22532S",12 Aug 2025,-,13 Aug 2025
YML,MSC ANNABELLA,"FW531W, FW531W, FE62531W, FE62531W",12 Aug 2025,-,13 Aug 2025
YML,KOTA LAGU,"424N, 425S, CTI2529N, CTI2533S",12 Aug 2025,-,14 Aug 2025
YML,COSCO SHIPPING ARGENTINA,"006E, 007W, SA52519E, SA52532W",12 Aug 2025,-,13 Aug 2025
YML,WAN HAI A02,"W012, E013, SA62519W, SA62530E",12 Aug 2025,-,14 Aug 2025
YML,HMM PERIDOT,"006W, MS22517AC, MS22517AD",13 Aug 2025,-,14 Aug 2025
YML,MSC REEF,"GT523E, GT530W, MD32513E, MD32530W",13 Aug 2025,-,14 Aug 2025
YML,WAN HAI 173,"N127, S128, CTK2530N, CTK2533S",13 Aug 2025,-,14 Aug 2025
YML,YM MUTUALITY,"107W, 108E, PN32525W, PN32532E",13 Aug 2025,-,15 Aug 2025
YML,MSC ISTANBUL,"GL531W, FE52531W",13 Aug 2025,-,14 Aug 2025
YML,YM TRILLION,"015W, 016E, EC12519W, EC12532E",14 Aug 2025,-,15 Aug 2025
YML,TS MUMBAI,"2503S, CAT2532S",14 Aug 2025,-,15 Aug 2025
YML,MSC AUDREY,"FD531W, MD42531W",14 Aug 2025,-,15 Aug 2025
YML,ZEPHYR LUMOS,"015E, 016W, FE32514E, FE32532W",14 Aug 2025,-,15 Aug 2025
YML,YM MOVEMENT,"081W, 082E, EC42521W, EC42532E",14 Aug 2025,-,15 Aug 2025
YML,YM WORLD,"045E, 046W, MD12517E, MD12533W",14 Aug 2025,-,16 Aug 2025
YML,MSC ROSA M,"FD532W, MD42532W",14 Aug 2025,-,16 Aug 2025
YML,OOCL DALIAN,"712E, 713W, CPX2528E, CPX2533W",14 Aug 2025,-,16 Aug 2025
YML,ONE FRUITION,"008E, MS22524AA, MS22524AB",14 Aug 2025,-,16 Aug 2025
YML,SITC MAKASSAR,"2508N, 2509S, KCX2528N, KCX2532S",15 Aug 2025,-,16 Aug 2025
YML,MSC KATIE,"GT531W, MD32531W",15 Aug 2025,-,16 Aug 2025
YML,EVER FAST,"1643-024E, 1656-025W, SA32520E, SA32533W",15 Aug 2025,-,16 Aug 2025
YML,WAN HAI 612,"W082, E083, SA82522W, SA82533E",15 Aug 2025,-,17 Aug 2025
YML,SYMEON P,"010N, 011S, CTE2530N, CTE2533S",15 Aug 2025,-,16 Aug 2025
YML,HMM HANUL,"020E, 021W, AG12522E, AG12532W",15 Aug 2025,-,16 Aug 2025
YML,TIAN SHUN HE,"2504N, 2505S, CAT2526N, CAT2533S",16 Aug 2025,-,17 Aug 2025
YML,YM TOGETHER,"019W, 019W, FP22518AC, FP22518AD",16 Aug 2025,-,18 Aug 2025
YML,ONE INGENUITY,"005E, 006W, FE42516E, FE42533W",16 Aug 2025,-,17 Aug 2025
YML,YM CELEBRITY,"089N, 090S, CTS2530N, CTS2533S",16 Aug 2025,-,17 Aug 2025
YML,KOTA EMERALD,"003W, 004E, SA62521W, SA62532E",16 Aug 2025,-,18 Aug 2025
YML,MSC IVANA,"FW526E, FE62518E",17 Aug 2025,-,17 Aug 2025
YML,CONTI CORTESIA,"007W, 007W, PS32524AC, PS32524AD",17 Aug 2025,-,18 Aug 2025
YML,MSC ROME,"GL532W, FE52532W",17 Aug 2025,-,19 Aug 2025
YML,HMM ROTTERDAM,"017W, FE32533W",18 Aug 2025,-,19 Aug 2025
YML,HAI FENG LIAN XING,"2531N, 2532S, NSK2532N, NSK2533S",18 Aug 2025,-,19 Aug 2025
YML,SITC NINGBO,"2532N, 2533S, SK22532N, SK22533S",18 Aug 2025,-,19 Aug 2025
YML,MOL CREATION,"097E, EC22533E",18 Aug 2025,-,19 Aug 2025
YML,KOTA LIHAT,"0216S, CA22533S",18 Aug 2025,-,21 Aug 2025
YML,MSC RAYA,"GJ521E, MD52521E",19 Aug 2025,-,20 Aug 2025
YML,HMM EMERALD,"008W, 009E, PS62525W, PS62533E",19 Aug 2025,-,20 Aug 2025
YML,XIN BEI LUN,"275N, 276S, CTI2530N, CTI2534S",19 Aug 2025,-,21 Aug 2025
YML,MSC HAMBURG,"FD522E, MD42514E",19 Aug 2025,-,21 Aug 2025
YML,ONE FREEDOM,"010W, MS22518BC, MS22518BD",19 Aug 2025,-,21 Aug 2025
ZIM,Zim Mount Elbrus,7E,1 Aug 2025,-,4 Aug 2025
ZIM,Ningbo,88W,1 Aug 2025,-,6 Aug 2025
ZIM,Cma Cgm Figaro,"9W, 0FFF9W1MA",2 Aug 2025,-,6 Aug 2025
ZIM,Gsl Africa,971S,2 Aug 2025,-,5 Aug 2025
ZIM,Kota Machan,"524E, 524E",3 Aug 2025,-,6 Aug 2025
ZIM,Hengkunhexie,"196W, 2531",3 Aug 2025,-,5 Aug 2025
ZIM,Ca Shanghai,"10S, 2513S",3 Aug 2025,-,5 Aug 2025
ZIM,Mild Peony,"8S, 2532S",3 Aug 2025,-,5 Aug 2025
ZIM,Colorado,10E,3 Aug 2025,-,5 Aug 2025
ZIM,Ts Lianyungang,"23E, 25031E",4 Aug 2025,-,5 Aug 2025
ZIM,Melbourne Bridge,"5E, 2503E",4 Aug 2025,-,5 Aug 2025
ZIM,Navios Chrysalis,"531W, 010W",4 Aug 2025,-,7 Aug 2025
ZIM,Xiangyu101,"9E, 25031Z",4 Aug 2025,-,5 Aug 2025
ZIM,Qiankun02,"31E, 2531EA",4 Aug 2025,-,4 Aug 2025
ZIM,Xin Yuan He 9,"44E, 25031E",4 Aug 2025,-,4 Aug 2025
ZIM,Xin Yuan He 9,"44E, 25031E",5 Aug 2025,-,5 Aug 2025
ZIM,Qiankun02,"31E, 2531EA",5 Aug 2025,-,5 Aug 2025
ZIM,Nyk Furano,"51E, 023E",5 Aug 2025,-,5 Aug 2025
ZIM,Xin Yuan He 9,"44W, 25031W",5 Aug 2025,-,6 Aug 2025
ZIM,Xiangyu101,"9E, 25031Z",5 Aug 2025,-,5 Aug 2025
ZIM,Qiankun02,"31W, 2531EA",5 Aug 2025,-,5 Aug 2025
ZIM,Sitc Zhi,"5S, 2511N",5 Aug 2025,-,5 Aug 2025
ZIM,Teh Victory,"94S, 25028S",5 Aug 2025,-,6 Aug 2025
ZIM,Xiu Hong,"48E, 2532E",5 Aug 2025,-,5 Aug 2025
ZIM,Xiangyu101,"9W, 25031Z",5 Aug 2025,-,5 Aug 2025
ZIM,Zhong Yi Run Tong,317N,5 Aug 2025,-,5 Aug 2025
ZIM,Cosco Malaysia,"46W, 105W",5 Aug 2025,-,6 Aug 2025
ZIM,Yuanhai8,293E,5 Aug 2025,-,6 Aug 2025
ZIM,Sawasdee Xiamen,"1W, 2506N",5 Aug 2025,-,6 Aug 2025
ZIM,Heng Long 8,"54E, 2531",5 Aug 2025,-,5 Aug 2025
ZIM,Da Xin 77,"92E, B2532E",5 Aug 2025,-,5 Aug 2025
ZIM,Tian Yi Fa Zhan,"281E, 2563E",5 Aug 2025,-,5 Aug 2025
ZIM,Fei Li Da 2,"26E, 2529E",5 Aug 2025,-,6 Aug 2025
ZIM,Shungang2688,"44E, 2531",5 Aug 2025,-,5 Aug 2025
ZIM,Wu Xiang 79,"149E, 2563E",5 Aug 2025,-,6 Aug 2025
ZIM,Wu Jia Zui Ji 19,"125E, L2563E",5 Aug 2025,-,5 Aug 2025
ZIM,Chang Hong Ji 18,"241E, 2516E",5 Aug 2025,-,5 Aug 2025
ZIM,Zhongwaiyunchangjiang003,"603E, 2532E",5 Aug 2025,-,5 Aug 2025
ZIM,Hai Long 999,"277E, B2532E",5 Aug 2025,-,5 Aug 2025
ZIM,Da Xin 66,"185E, 25063E",5 Aug 2025,-,5 Aug 2025
ZIM,Zhong Yi Run Da,"484E, 2553E",5 Aug 2025,-,5 Aug 2025
ZIM,Ts Osaka,"918N, 514N",5 Aug 2025,-,6 Aug 2025
ZIM,Zhong Yi Run Da,"484E, 2553E",6 Aug 2025,-,6 Aug 2025
ZIM,Da Xin 77,"92E, B2532E",6 Aug 2025,-,6 Aug 2025
ZIM,Da Xin 66,"185E, 25063E",6 Aug 2025,-,6 Aug 2025
ZIM,Heng Long 8,"54E, 2531",6 Aug 2025,-,6 Aug 2025
ZIM,Tian Yi Fa Zhan,"281E, 2563E",6 Aug 2025,-,6 Aug 2025
ZIM,Wu Jia Zui Ji 19,"125E, L2563E",6 Aug 2025,-,6 Aug 2025
ZIM,Chang Hong Ji 18,"241E, 2516E",6 Aug 2025,-,6 Aug 2025
ZIM,Zhongwaiyunchangjiang003,"603E, 2532E",6 Aug 2025,-,6 Aug 2025
ZIM,Hai Long 999,"277E, B2532E",6 Aug 2025,-,6 Aug 2025
ZIM,Shungang2688,"44E, 2531",6 Aug 2025,-,6 Aug 2025
ZIM,Zhong Hai 016,"173E, 2514E",6 Aug 2025,-,6 Aug 2025
ZIM,Zhongwaiyunchangjiang003,"603W, 2532W",6 Aug 2025,-,6 Aug 2025
ZIM,Salerno Express,"531W, 531W",6 Aug 2025,-,6 Aug 2025
ZIM,Zhong Yi Run Da,"484W, 2553W",6 Aug 2025,-,6 Aug 2025
ZIM,Chang Hong Ji 18,"241W, 2516W",6 Aug 2025,-,6 Aug 2025
ZIM,Heng Long 8,"54W, 2531",6 Aug 2025,-,6 Aug 2025
ZIM,Da Xin 77,"92W, B2532W",6 Aug 2025,-,6 Aug 2025
ZIM,Wu Jia Zui Ji 19,"125W, L2563W",6 Aug 2025,-,6 Aug 2025
ZIM,Zhong Cheng 89,"671E, B2532E",6 Aug 2025,-,6 Aug 2025
ZIM,Shungang2688,"44W, 2531",6 Aug 2025,-,6 Aug 2025
ZIM,Shun Feng Zhi Yuan,"46E, L2514E",6 Aug 2025,-,6 Aug 2025
ZIM,Hai Long 999,"277W, B2532W",6 Aug 2025,-,8 Aug 2025
ZIM,Tian Yi Fa Zhan,"281W, 2563W",6 Aug 2025,-,6 Aug 2025
ZIM,Da Xin 66,"185W, 25063W",6 Aug 2025,-,6 Aug 2025
ZIM,Zhong Cheng 89,"671E, B2532E",6 Aug 2025,-,6 Aug 2025
ZIM,Zhong Hai 016,"173E, 2514E",6 Aug 2025,-,6 Aug 2025
ZIM,Shun Feng Zhi Yuan,"46E, L2514E",6 Aug 2025,-,6 Aug 2025
ZIM,Ji Hai Zhi Xing,528S,6 Aug 2025,-,6 Aug 2025
ZIM,Zhong Hai 016,"173W, 2514W",6 Aug 2025,-,6 Aug 2025
ZIM,Shun Feng Zhi Yuan,"46W, L2514W",6 Aug 2025,-,6 Aug 2025
ZIM,Zhong Cheng 89,"671W, B2532W",6 Aug 2025,-,6 Aug 2025
ZIM,Wanbangyangshan,"93E, 2508E",6 Aug 2025,-,6 Aug 2025
ZIM,Xiang Shui Yun 19,"27E, 027E",6 Aug 2025,-,6 Aug 2025
ZIM,Wanbangyangshan,"93E, 2508E",6 Aug 2025,-,6 Aug 2025
ZIM,Xiang Shui Yun 19,"27E, 027E",6 Aug 2025,-,6 Aug 2025
ZIM,Wanbangyangshan,"93W, 2508W",6 Aug 2025,-,6 Aug 2025
ZIM,Wu Xiang 79,"149E, 2563E",6 Aug 2025,-,6 Aug 2025
ZIM,Xiang Shui Yun 19,"27W, 027W",6 Aug 2025,-,6 Aug 2025
ZIM,Cheng Xing 1,"31S, H2531S",6 Aug 2025,-,7 Aug 2025
ZIM,Wu Xiang 79,"149W, 2563W",6 Aug 2025,-,7 Aug 2025
ZIM,Guanrong669,"35E, C2507E",6 Aug 2025,-,6 Aug 2025
ZIM,Zhong Cheng 16,"653E, L2563E",6 Aug 2025,-,7 Aug 2025
ZIM,Chuanlian001,"20E, C2507E",6 Aug 2025,-,6 Aug 2025
ZIM,Zhong Yi Ji Rui,"332E, 2553E",6 Aug 2025,-,6 Aug 2025
ZIM,Runxingji99,"9E, 25031Z",6 Aug 2025,-,7 Aug 2025
ZIM,Chonglunji3020,"52E, C2507E",6 Aug 2025,-,6 Aug 2025
ZIM,Jia Xing 68,"560E, 2532E",6 Aug 2025,-,6 Aug 2025
ZIM,Puhai213,"86E, 25063E",6 Aug 2025,-,6 Aug 2025
ZIM,Zhong Cheng 19,"562E, N2532",6 Aug 2025,-,6 Aug 2025
ZIM,Shunyunzhixing,"315E, L2563E",6 Aug 2025,-,6 Aug 2025
ZIM,Ze Xin Jun Jie,"262E, 2532E",6 Aug 2025,-,6 Aug 2025
ZIM,Da Xin 7,"506E, 2532E",6 Aug 2025,-,6 Aug 2025
ZIM,Fei Li Da 2,"26E, 2529E",6 Aug 2025,-,6 Aug 2025
ZIM,Rong Mao 3,"65E, 2532S",6 Aug 2025,-,6 Aug 2025
ZIM,Minzheng,"12E, 0341E",6 Aug 2025,-,6 Aug 2025
ZIM,Minzheng,"12E, 0341E",7 Aug 2025,-,7 Aug 2025
ZIM,Chuanlian001,"20E, C2507E",7 Aug 2025,-,7 Aug 2025
ZIM,Rong Mao 3,"65E, 2532S",7 Aug 2025,-,7 Aug 2025
ZIM,Ze Xin Jun Jie,"262E, 2532E",7 Aug 2025,-,7 Aug 2025
ZIM,Shunyunzhixing,"315E, L2563E",7 Aug 2025,-,7 Aug 2025
ZIM,Fei Li Da 2,"26W, 2529W",7 Aug 2025,-,7 Aug 2025
ZIM,Zhong Yi Ji Rui,"332E, 2553E",7 Aug 2025,-,7 Aug 2025
ZIM,Guanrong669,"35E, C2507E",7 Aug 2025,-,7 Aug 2025
ZIM,Chonglunji3020,"52E, C2507E",7 Aug 2025,-,7 Aug 2025
ZIM,Jia Xing 68,"560E, 2532E",7 Aug 2025,-,7 Aug 2025
ZIM,Puhai213,"86E, 25063E",7 Aug 2025,-,7 Aug 2025
ZIM,Zhong Cheng 19,"562E, N2532",7 Aug 2025,-,7 Aug 2025
ZIM,Da Xin 7,"506E, 2532E",7 Aug 2025,-,7 Aug 2025
ZIM,Cul Xiamen,"549W, 2523W",7 Aug 2025,-,7 Aug 2025
ZIM,Ca Guangzhou,"17N, 2512N",7 Aug 2025,-,7 Aug 2025
ZIM,Oocl Hamburg,"159W, 159W",7 Aug 2025,-,8 Aug 2025
ZIM,Glory Ocean,"585N, 2531N",7 Aug 2025,-,7 Aug 2025
ZIM,Jia Xing 68,"560W, 2532W",7 Aug 2025,-,7 Aug 2025
ZIM,Zhong Yi Ji Rui,"332W, 2553W",7 Aug 2025,-,7 Aug 2025
ZIM,Puhai213,"86W, 25063W",7 Aug 2025,-,7 Aug 2025
ZIM,Chuanlian001,"20W, C2507W",7 Aug 2025,-,7 Aug 2025
ZIM,Zhong Cheng 19,"562W, N2532",7 Aug 2025,-,7 Aug 2025
ZIM,Rong Mao 3,"65W, 2532N",7 Aug 2025,-,7 Aug 2025
ZIM,Guanrong669,"35W, C2507W",7 Aug 2025,-,7 Aug 2025
ZIM,Ze Xin Jun Jie,"262W, 2532W",7 Aug 2025,-,9 Aug 2025
ZIM,Da Xin 7,"506W, 2532W",7 Aug 2025,-,7 Aug 2025
ZIM,Shunyunzhixing,"315W, L2563W",7 Aug 2025,-,7 Aug 2025
ZIM,Chonglunji3020,"52W, C2507W",7 Aug 2025,-,7 Aug 2025
ZIM,Runxingji99,"9E, 25031Z",7 Aug 2025,-,7 Aug 2025
ZIM,Glory Ocean,"586S, 2532S",7 Aug 2025,-,7 Aug 2025
ZIM,Glory Guangzhou,296E,7 Aug 2025,-,7 Aug 2025
ZIM,Runxingji99,"9W, 25031Z",7 Aug 2025,-,7 Aug 2025
ZIM,Harrier,"119W, 2528N",7 Aug 2025,-,7 Aug 2025
ZIM,Cosco Ashdod,"32W, 089W",7 Aug 2025,-,8 Aug 2025
ZIM,Chiba C,532W,7 Aug 2025,-,9 Aug 2025
ZIM,Zhong Cheng 16,"653E, L2563E",7 Aug 2025,-,7 Aug 2025
ZIM,Zhong Cheng 16,"653W, L2563W",7 Aug 2025,-,8 Aug 2025
ZIM,Cosco Houston,"40S, 130S",7 Aug 2025,-,9 Aug 2025
ZIM,Jiang Hai Tong 199,"45E, 25032E",7 Aug 2025,-,7 Aug 2025
ZIM,Jinyuanronghe,"18E, 2532EA",7 Aug 2025,-,7 Aug 2025
ZIM,Puhai215,"45E, 25032E",7 Aug 2025,-,7 Aug 2025
ZIM,Sheng Da Xu Yuan,"26E, 2540E",7 Aug 2025,-,7 Aug 2025
ZIM,Wu Xiang 16,"267E, 2532E",7 Aug 2025,-,7 Aug 2025
ZIM,Jiang Yuan Ji 6,"136E, B2532E",7 Aug 2025,-,7 Aug 2025
ZIM,Ophelia,54S,7 Aug 2025,-,8 Aug 2025
ZIM,Jinyuanronghe,"18E, 2532EA",8 Aug 2025,-,8 Aug 2025
ZIM,Puhai215,"45E, 25032E",8 Aug 2025,-,8 Aug 2025
ZIM,Sheng Da Xu Yuan,"26E, 2540E",8 Aug 2025,-,8 Aug 2025
ZIM,Jiang Hai Tong 199,"45E, 25032E",8 Aug 2025,-,8 Aug 2025
ZIM,Wu Xiang 16,"267E, 2532E",8 Aug 2025,-,8 Aug 2025
ZIM,Jiang Yuan Ji 6,"136E, B2532E",8 Aug 2025,-,8 Aug 2025
ZIM,Cul Xiamen,"550E, 2524E",8 Aug 2025,-,9 Aug 2025
ZIM,Puhai215,"45W, 25032W",8 Aug 2025,-,9 Aug 2025
ZIM,Jiang Hai Tong 199,"45W, 25032W",8 Aug 2025,-,8 Aug 2025
ZIM,Wu Xiang 16,"267W, 2532W",8 Aug 2025,-,8 Aug 2025
ZIM,Sheng Da Xu Yuan,"26W, 2540W",8 Aug 2025,-,8 Aug 2025
ZIM,Jiang Yuan Ji 6,"136W, B2532W",8 Aug 2025,-,8 Aug 2025
ZIM,Jinyuanronghe,"18W, 2532EA",8 Aug 2025,-,8 Aug 2025
ZIM,Run Sheng,79E,8 Aug 2025,-,8 Aug 2025
ZIM,Jinxing9,"45E, 2532",8 Aug 2025,-,8 Aug 2025
ZIM,Jinxing9,"45E, 2532",8 Aug 2025,-,8 Aug 2025
ZIM,Jinxing9,"45W, 2532",8 Aug 2025,-,8 Aug 2025
ZIM,Zim Thailand,13W,8 Aug 2025,-,10 Aug 2025
ZIM,San Diego,73W,8 Aug 2025,-,11 Aug 2025
ZIM,Glory Guandong,"210W, 2531E",8 Aug 2025,-,9 Aug 2025
ZIM,Zhong Yi Ze Tai,"231E, 2553E",8 Aug 2025,-,8 Aug 2025
ZIM,Zhong Hai 699,"211E, 2516E",8 Aug 2025,-,8 Aug 2025
ZIM,Puruiyonghang,"172E, 2532S",8 Aug 2025,-,8 Aug 2025
ZIM,Zhong Cheng 69,"352E, L2532E",8 Aug 2025,-,8 Aug 2025
ZIM,Wu Xiang 76,"127E, B2532",8 Aug 2025,-,8 Aug 2025
ZIM,Wei Ji 8 Hao,"45E, 2532",8 Aug 2025,-,8 Aug 2025
ZIM,Hai Long 666,"335E, B2532E",8 Aug 2025,-,8 Aug 2025
ZIM,Zhong Wai Yun Chang Jiang 002,"521E, 2532E",8 Aug 2025,-,8 Aug 2025
ZIM,Fei Li Da 1,"27E, 2531E",8 Aug 2025,-,9 Aug 2025
ZIM,Hua Hang Lan Hai,"45E, 2532",8 Aug 2025,-,8 Aug 2025
ZIM,Jia Xing 18,"763E, 2532E",8 Aug 2025,-,8 Aug 2025
ZIM,Gang Hang Shi Dai,"9E, L2531E",8 Aug 2025,-,8 Aug 2025
ZIM,Tampa I,27W,8 Aug 2025,-,10 Aug 2025
ZIM,Zhong Hai 699,"211E, 2516E",9 Aug 2025,-,9 Aug 2025
ZIM,Jia Xing 18,"763E, 2532E",9 Aug 2025,-,9 Aug 2025
ZIM,Jj Tokyo,"196W, 2531W",9 Aug 2025,-,9 Aug 2025
ZIM,Zhong Cheng 69,"352E, L2532E",9 Aug 2025,-,9 Aug 2025
ZIM,Wei Ji 8 Hao,"45E, 2532",9 Aug 2025,-,9 Aug 2025
ZIM,Zhong Wai Yun Chang Jiang 002,"521E, 2532E",9 Aug 2025,-,9 Aug 2025
ZIM,Hua Hang Lan Hai,"45E, 2532",9 Aug 2025,-,9 Aug 2025
ZIM,Puruiyonghang,"172E, 2532S",9 Aug 2025,-,9 Aug 2025
ZIM,Hai Long 666,"335E, B2532E",9 Aug 2025,-,9 Aug 2025
ZIM,Gang Hang Shi Dai,"9E, L2531E",9 Aug 2025,-,9 Aug 2025
ZIM,Zhong Yi Ze Tai,"231E, 2553E",9 Aug 2025,-,9 Aug 2025
ZIM,Wu Xiang 76,"127E, B2532",9 Aug 2025,-,9 Aug 2025
ZIM,Ts Lianyungang,"23W, 25031W",9 Aug 2025,-,9 Aug 2025
ZIM,Zhong Yi Ze Tai,"231W, 2553W",9 Aug 2025,-,9 Aug 2025
ZIM,Jia Xing 18,"763W, 2532W",9 Aug 2025,-,9 Aug 2025
ZIM,Zhong Hai 018,"180E, 2514E",9 Aug 2025,-,9 Aug 2025
ZIM,Wei Ji 8 Hao,"45W, 2532",9 Aug 2025,-,11 Aug 2025
ZIM,Wu Xiang 76,"127W, B2532",9 Aug 2025,-,9 Aug 2025
ZIM,Zhong Hai 699,"211W, 2516W",9 Aug 2025,-,9 Aug 2025
ZIM,Hua Hang Lan Hai,"45W, 2532",9 Aug 2025,-,9 Aug 2025
ZIM,Zhong Cheng 99,"665E, B2532E",9 Aug 2025,-,9 Aug 2025
ZIM,Gang Hang Shi Dai,"9W, L2531W",9 Aug 2025,-,9 Aug 2025
ZIM,Jiang Hai Xin Hao,"139E, L2514E",9 Aug 2025,-,9 Aug 2025
ZIM,Zhong Cheng 69,"352W, L2532W",9 Aug 2025,-,9 Aug 2025
ZIM,Hai Long 666,"335W, B2532W",9 Aug 2025,-,11 Aug 2025
ZIM,Zhong Wai Yun Chang Jiang 002,"521W, 2532W",9 Aug 2025,-,9 Aug 2025
ZIM,Navios Amarillo,60E,9 Aug 2025,-,10 Aug 2025
ZIM,Puruiyonghang,"172W, 2532N",9 Aug 2025,-,9 Aug 2025
ZIM,Zhong Hai 018,"180E, 2514E",9 Aug 2025,-,9 Aug 2025
ZIM,Jiang Hai Xin Hao,"139E, L2514E",9 Aug 2025,-,9 Aug 2025
ZIM,Zhong Cheng 99,"665E, B2532E",9 Aug 2025,-,9 Aug 2025
ZIM,Glory Guangzhou,"296W, 2531W",9 Aug 2025,-,9 Aug 2025
ZIM,Jiang Hai Xin Hao,"139W, L2514W",9 Aug 2025,-,9 Aug 2025
ZIM,Zhong Hai 018,"180W, 2514W",9 Aug 2025,-,9 Aug 2025
ZIM,Zhong Cheng 99,"665W, B2532W",9 Aug 2025,-,9 Aug 2025
ZIM,A Ontake,"29W, 2531W",9 Aug 2025,-,9 Aug 2025
ZIM,A Kakogawa,"45W, 2531W",9 Aug 2025,-,9 Aug 2025
ZIM,Da Xin 66,"186E, 25064E",9 Aug 2025,-,9 Aug 2025
ZIM,Wu Jia Zui Ji 19,"126E, L2564E",9 Aug 2025,-,9 Aug 2025
ZIM,Tian Yi Fa Zhan,"282E, 2564E",9 Aug 2025,-,9 Aug 2025
ZIM,Wu Xiang 79,"150E, 2564E",9 Aug 2025,-,9 Aug 2025
ZIM,Yuanhaiyangshan,"106E, 2508E",9 Aug 2025,-,9 Aug 2025
ZIM,Yuanhaiyangshan,"106E, 2508E",9 Aug 2025,-,9 Aug 2025
ZIM,Tian Yi Fa Zhan,"282E, 2564E",9 Aug 2025,-,9 Aug 2025
ZIM,Wu Jia Zui Ji 19,"126E, L2564E",9 Aug 2025,-,9 Aug 2025
ZIM,Da Xin 66,"186E, 25064E",9 Aug 2025,-,9 Aug 2025
ZIM,Buxmelody,"94S, 25229S",9 Aug 2025,-,10 Aug 2025
ZIM,Xiang Shui Yun 26,"24E, 024E",9 Aug 2025,-,9 Aug 2025
ZIM,Da Xin 66,"186W, 25064W",9 Aug 2025,-,9 Aug 2025
ZIM,Yuanhaiyangshan,"106W, 2508W",9 Aug 2025,-,9 Aug 2025
ZIM,Tian Yi Fa Zhan,"282W, 2564W",9 Aug 2025,-,9 Aug 2025
ZIM,Wu Jia Zui Ji 19,"126W, L2564W",9 Aug 2025,-,9 Aug 2025
ZIM,Xiang Shui Yun 26,"24E, 024E",9 Aug 2025,-,9 Aug 2025
ZIM,Ji Hai Zhi Feng,"320S, H2532S",9 Aug 2025,-,10 Aug 2025
ZIM,Xiang Shui Yun 26,"24W, 024W",9 Aug 2025,-,9 Aug 2025
ZIM,He Jin,"87S, 2531S",9 Aug 2025,-,10 Aug 2025
ZIM,Fan Ya Yang Shan,"45E, 25032E",9 Aug 2025,-,9 Aug 2025
ZIM,Heng Long 16,"45E, 2532",9 Aug 2025,-,9 Aug 2025
ZIM,Tuohaichengxing,"45E, 2532",9 Aug 2025,-,9 Aug 2025
ZIM,Zhong Cheng 26,"437E, B2532E",9 Aug 2025,-,9 Aug 2025
ZIM,Xin Yang Shan 1,"123E, B2532E",9 Aug 2025,-,9 Aug 2025
ZIM,Minping939,"24E, C2508E",9 Aug 2025,-,9 Aug 2025
ZIM,De Lin,"456E, 2553E",9 Aug 2025,-,9 Aug 2025
ZIM,Changhangjiyun0330,"56E, C2512E",9 Aug 2025,-,9 Aug 2025
ZIM,Wan Yuan Yang 1,"306E, 2532E",9 Aug 2025,-,9 Aug 2025
ZIM,Runxingji169,"8E, 25032Z",9 Aug 2025,-,10 Aug 2025
ZIM,Chonglunji3025,"11E, C2507E",9 Aug 2025,-,9 Aug 2025
ZIM,Minxiang,"76E, B552E",9 Aug 2025,-,9 Aug 2025
ZIM,Yangshanji01,"27E, 2532EA",9 Aug 2025,-,9 Aug 2025
ZIM,Fei Li Da 1,"27E, 2531E",9 Aug 2025,-,10 Aug 2025
ZIM,Hangrong001,"9E, C2507E",9 Aug 2025,-,9 Aug 2025
ZIM,Hong Hao 5,"77E, B2532E",9 Aug 2025,-,10 Aug 2025
ZIM,Msc Perle,"2E, QK531A",9 Aug 2025,-,10 Aug 2025
ZIM,Minping939,"24E, C2508E",10 Aug 2025,-,10 Aug 2025
ZIM,Tuohaichengxing,"45E, 2532",10 Aug 2025,-,10 Aug 2025
ZIM,De Lin,"456E, 2553E",10 Aug 2025,-,10 Aug 2025
ZIM,Wan Yuan Yang 1,"306E, 2532E",10 Aug 2025,-,10 Aug 2025
ZIM,Chonglunji3025,"11E, C2507E",10 Aug 2025,-,10 Aug 2025
ZIM,Xin Yang Shan 1,"123E, B2532E",10 Aug 2025,-,10 Aug 2025
ZIM,Yangshanji01,"27E, 2532EA",10 Aug 2025,-,10 Aug 2025
ZIM,Fan Ya Yang Shan,"45E, 25032E",10 Aug 2025,-,10 Aug 2025
ZIM,Zhong Cheng 26,"437E, B2532E",10 Aug 2025,-,10 Aug 2025
ZIM,Changhangjiyun0330,"56E, C2512E",10 Aug 2025,-,10 Aug 2025
ZIM,Jj Tokyo,"197E, 2532E",10 Aug 2025,-,10 Aug 2025
ZIM,Minxiang,"76E, B552E",10 Aug 2025,-,10 Aug 2025
ZIM,Heng Long 16,"45E, 2532",10 Aug 2025,-,10 Aug 2025
ZIM,Hangrong001,"9E, C2507E",10 Aug 2025,-,10 Aug 2025
ZIM,Ts Lianyungang,"24E, 25032E",10 Aug 2025,-,10 Aug 2025
ZIM,Hong Hao 5,"77E, B2532E",10 Aug 2025,-,10 Aug 2025
ZIM,Fei Li Da 1,"27W, 2531W",10 Aug 2025,-,10 Aug 2025
ZIM,Changhangjiyun0330,"56W, C2512W",10 Aug 2025,-,10 Aug 2025
ZIM,Zhong Cheng 26,"437W, B2532W",10 Aug 2025,-,10 Aug 2025
ZIM,Fan Ya Yang Shan,"45W, 25032W",10 Aug 2025,-,10 Aug 2025
ZIM,Yangshanji01,"27W, 2532EA",10 Aug 2025,-,10 Aug 2025
ZIM,Xin Yang Shan 1,"123W, B2532W",10 Aug 2025,-,10 Aug 2025
ZIM,Minzheng,"12W, 0341W",10 Aug 2025,-,10 Aug 2025
ZIM,Minxiang,"76W, B552W",10 Aug 2025,-,10 Aug 2025
ZIM,Chonglunji3025,"11W, C2507W",10 Aug 2025,-,10 Aug 2025
ZIM,Runxingji169,"8E, 25032Z",10 Aug 2025,-,10 Aug 2025
ZIM,Wan Yuan Yang 1,"306W, 2532W",10 Aug 2025,-,10 Aug 2025
ZIM,De Lin,"456W, 2553W",10 Aug 2025,-,10 Aug 2025
ZIM,Tuohaichengxing,"45W, 2532",10 Aug 2025,-,10 Aug 2025
ZIM,Minping939,"24W, C2508W",10 Aug 2025,-,10 Aug 2025
ZIM,Heng Long 16,"45W, 2532",10 Aug 2025,-,11 Aug 2025
ZIM,Hangrong001,"9W, C2507W",10 Aug 2025,-,10 Aug 2025
ZIM,Hong Hao 5,"77W, B2532W",10 Aug 2025,-,10 Aug 2025
ZIM,Wu Xiang 79,"150E, 2564E",10 Aug 2025,-,10 Aug 2025
ZIM,Mild Chorus,99E,10 Aug 2025,-,10 Aug 2025
ZIM,Cheng Xing 1,32N,10 Aug 2025,-,10 Aug 2025
ZIM,Wu Xiang 79,"150W, 2564W",10 Aug 2025,-,10 Aug 2025
ZIM,Runxingji169,"8W, 25032Z",10 Aug 2025,-,10 Aug 2025
ZIM,A Ontake,30E,10 Aug 2025,-,10 Aug 2025
ZIM,Shunyunzhixing,"316E, L2564E",10 Aug 2025,-,10 Aug 2025
ZIM,Puhai213,"87E, 25064E",10 Aug 2025,-,10 Aug 2025
ZIM,Zhong Cheng 16,"654E, L2564E",10 Aug 2025,-,10 Aug 2025
ZIM,Shun Ze 1,"299E, 25032E",10 Aug 2025,-,10 Aug 2025
ZIM,Puhai213,"87E, 25064E",10 Aug 2025,-,10 Aug 2025
ZIM,Shunyunzhixing,"316E, L2564E",10 Aug 2025,-,10 Aug 2025
ZIM,Shun Ze 1,"299E, 25032E",10 Aug 2025,-,10 Aug 2025
ZIM,Puhai213,"87W, 25064W",10 Aug 2025,-,10 Aug 2025
ZIM,Shunyunzhixing,"316W, L2564W",10 Aug 2025,-,10 Aug 2025
ZIM,Shun Ze 1,"299W, 25032W",10 Aug 2025,-,11 Aug 2025
ZIM,Tiger Chennai,"7E, 2505E",10 Aug 2025,-,11 Aug 2025
ZIM,Navios Magnolia,"532W, 123W",10 Aug 2025,-,11 Aug 2025
ZIM,Sapphire,532W,10 Aug 2025,-,12 Aug 2025
ZIM,Zim Sammy Ofer,11E,10 Aug 2025,-,12 Aug 2025
ZIM,Jiang Hai Tong 188,"58E, 25032E",10 Aug 2025,-,10 Aug 2025
ZIM,Qian Kun 9999,"30E, L2531E",10 Aug 2025,-,10 Aug 2025
ZIM,Gang Hang Yun Ji,"10E, 2534E",10 Aug 2025,-,10 Aug 2025
ZIM,Heng Long 99,"30E, 2548E",10 Aug 2025,-,10 Aug 2025
ZIM,De Feng 201,"74E, 2532S",10 Aug 2025,-,10 Aug 2025
ZIM,Maersk Luz,"12E, 522E",10 Aug 2025,-,12 Aug 2025
ZIM,De Jin 7,"418E, 2532E",10 Aug 2025,-,10 Aug 2025
ZIM,De Feng 201,"74E, 2532S",11 Aug 2025,-,11 Aug 2025
ZIM,Gang Hang Yun Ji,"10E, 2534E",11 Aug 2025,-,11 Aug 2025
ZIM,Msc Suape Vii,"36E, GE530E",11 Aug 2025,-,12 Aug 2025
ZIM,Qian Kun 9999,"30E, L2531E",11 Aug 2025,-,11 Aug 2025
ZIM,Heng Long 99,"30E, 2548E",11 Aug 2025,-,11 Aug 2025
ZIM,De Jin 7,"418E, 2532E",11 Aug 2025,-,11 Aug 2025
ZIM,Jiang Hai Tong 188,"58E, 25032E",11 Aug 2025,-,11 Aug 2025
ZIM,Nuuk Maersk,"43S, 531S",11 Aug 2025,-,11 Aug 2025
ZIM,Glory Ocean,"586N, 2532S",11 Aug 2025,-,11 Aug 2025
ZIM,Gsl Kithira,962E,11 Aug 2025,-,11 Aug 2025
ZIM,Qian Kun 9999,"30W, L2531N",11 Aug 2025,-,11 Aug 2025
ZIM,De Jin 7,"418W, 2532W",11 Aug 2025,-,11 Aug 2025
ZIM,Heng Long 99,"30W, 2548W",11 Aug 2025,-,11 Aug 2025
ZIM,De Feng 201,"74W, 2532N",11 Aug 2025,-,11 Aug 2025
ZIM,Jiang Hai Tong 188,"58W, 25032W",11 Aug 2025,-,11 Aug 2025
ZIM,Melina,56E,11 Aug 2025,-,12 Aug 2025
ZIM,Gang Hang Yun Ji,"10W, 2534W",11 Aug 2025,-,11 Aug 2025
ZIM,Zhong Cheng 16,"654E, L2564E",11 Aug 2025,-,11 Aug 2025
ZIM,Xiu Hong,"48W, 2532W",11 Aug 2025,-,11 Aug 2025
ZIM,Zhong Cheng 16,"654W, L2564W",11 Aug 2025,-,11 Aug 2025
ZIM,Shun Da,3E,11 Aug 2025,-,11 Aug 2025
ZIM,A Kakogawa,46E,11 Aug 2025,-,11 Aug 2025
ZIM,Ts Incheon,"48E, 25032E",11 Aug 2025,-,12 Aug 2025
ZIM,Wan Hai 362,"1E, 018E",11 Aug 2025,-,12 Aug 2025
ZIM,Qiankun02,"32E, 2532EA",11 Aug 2025,-,11 Aug 2025
ZIM,Xin Yuan He 9,"45E, 25032E",11 Aug 2025,-,11 Aug 2025
ZIM,Xiangyu101,"10E, 25032Z",11 Aug 2025,-,12 Aug 2025
ZIM,Qiankun02,"32E, 2532EA",12 Aug 2025,-,12 Aug 2025
ZIM,Xin Yuan He 9,"45E, 25032E",12 Aug 2025,-,12 Aug 2025
ZIM,Xin Yuan He 9,"45W, 25032W",12 Aug 2025,-,13 Aug 2025
ZIM,Xiangyu101,"10E, 25032Z",12 Aug 2025,-,12 Aug 2025
ZIM,Yuanhai8,294E,12 Aug 2025,-,12 Aug 2025
ZIM,Qiankun02,"32W, 2532EA",12 Aug 2025,-,12 Aug 2025
ZIM,Teh Victory,"95S, 25029S",12 Aug 2025,-,13 Aug 2025
ZIM,Kota Selamat,"510E, 033E",12 Aug 2025,-,13 Aug 2025
ZIM,Xiu Hong,"49E, 2533E",12 Aug 2025,-,12 Aug 2025
ZIM,Xiangyu101,"10W, 25032Z",12 Aug 2025,-,12 Aug 2025
ZIM,Zhong Gu Chong Qing,"2E, 25005E",12 Aug 2025,-,13 Aug 2025
ZIM,Zhong Yi Run Tong,318N,12 Aug 2025,-,12 Aug 2025
ZIM,Msc Unity Vi,"17S, KQ532A",12 Aug 2025,-,13 Aug 2025
ZIM,Msc Luciana,"4E, QK531A",12 Aug 2025,-,13 Aug 2025
ZIM,Kota Lagu,425S,12 Aug 2025,-,14 Aug 2025
ZIM,Heng Xiang Sheng 7,"1S, H2532S",12 Aug 2025,-,13 Aug 2025
ZIM,Kota Sahabat,"532W, 532W",12 Aug 2025,-,13 Aug 2025
ZIM,Heng Long 8,"55E, 2532",12 Aug 2025,-,12 Aug 2025
ZIM,Tian Yi Fa Zhan,"283E, 2565E",12 Aug 2025,-,12 Aug 2025
ZIM,Hai Long 999,"278E, B2533E",12 Aug 2025,-,12 Aug 2025
ZIM,Da Xin 66,"187E, 25065E",12 Aug 2025,-,12 Aug 2025
ZIM,Jia Xing 22,"145E, 2516E",12 Aug 2025,-,12 Aug 2025
ZIM,Da Xin 77,"93E, B2533",12 Aug 2025,-,12 Aug 2025
ZIM,Fei Li Da 2,"27E, 2530E",12 Aug 2025,-,13 Aug 2025
ZIM,Shungang2688,"45E, 2532",12 Aug 2025,-,12 Aug 2025
ZIM,Wu Jia Zui Ji 19,"127E, L2565E",12 Aug 2025,-,12 Aug 2025
ZIM,Zhong Yi Run Da,"485E, 2554E",12 Aug 2025,-,12 Aug 2025
ZIM,Zhongwaiyunchangjiang003,"604E, 2533E",12 Aug 2025,-,12 Aug 2025
ZIM,Wu Xiang 79,"151E, 2565E",12 Aug 2025,-,13 Aug 2025
ZIM,Hai Long 999,"278E, B2533E",13 Aug 2025,-,13 Aug 2025
ZIM,Jia Xing 22,"145E, 2516E",13 Aug 2025,-,13 Aug 2025
ZIM,Da Xin 66,"187E, 25065E",13 Aug 2025,-,13 Aug 2025
ZIM,Shungang2688,"45E, 2532",13 Aug 2025,-,13 Aug 2025
ZIM,Zhong Yi Run Da,"485E, 2554E",13 Aug 2025,-,13 Aug 2025
ZIM,Zhongwaiyunchangjiang003,"604E, 2533E",13 Aug 2025,-,13 Aug 2025
ZIM,Da Xin 77,"93E, B2533",13 Aug 2025,-,13 Aug 2025
ZIM,Wu Jia Zui Ji 19,"127E, L2565E",13 Aug 2025,-,13 Aug 2025
ZIM,Tian Yi Fa Zhan,"283E, 2565E",13 Aug 2025,-,13 Aug 2025
ZIM,Heng Long 8,"55E, 2532",13 Aug 2025,-,13 Aug 2025
ZIM,Fu Jin Tong Hai,"47E, L2514E",13 Aug 2025,-,13 Aug 2025
ZIM,Zhongwaiyunchangjiang003,"604W, 2533W",13 Aug 2025,-,13 Aug 2025
ZIM,Hai Long 999,"278W, B2533W",13 Aug 2025,-,15 Aug 2025
ZIM,Jia Xing 22,"145W, 2516W",13 Aug 2025,-,13 Aug 2025
ZIM,Shungang2688,"45W, 2532",13 Aug 2025,-,13 Aug 2025
ZIM,Zhong Yi Run Da,"485W, 2554W",13 Aug 2025,-,13 Aug 2025
ZIM,Zhong Cheng 89,"672E, B2533E",13 Aug 2025,-,13 Aug 2025
ZIM,Da Xin 77,"93W, B2533",13 Aug 2025,-,13 Aug 2025
ZIM,Wu Jia Zui Ji 19,"127W, L2565W",13 Aug 2025,-,13 Aug 2025
ZIM,Run Fa Xing Fu,"125E, 2514E",13 Aug 2025,-,13 Aug 2025
ZIM,Da Xin 66,"187W, 25065W",13 Aug 2025,-,13 Aug 2025
ZIM,Heng Long 8,"55W, 2532",13 Aug 2025,-,13 Aug 2025
ZIM,Tian Yi Fa Zhan,"283W, 2565W",13 Aug 2025,-,13 Aug 2025
ZIM,Run Fa Xing Fu,"125E, 2514E",13 Aug 2025,-,13 Aug 2025
ZIM,Fu Jin Tong Hai,"47E, L2514E",13 Aug 2025,-,13 Aug 2025
ZIM,Zhong Cheng 89,"672E, B2533E",13 Aug 2025,-,13 Aug 2025
ZIM,Ji Hai Zhi Xing,"529S, X650S",13 Aug 2025,-,13 Aug 2025
ZIM,Fu Jin Tong Hai,"47W, L2514W",13 Aug 2025,-,13 Aug 2025
ZIM,Run Fa Xing Fu,"125W, 2514W",13 Aug 2025,-,13 Aug 2025
ZIM,Zhong Cheng 89,"672W, B2533W",13 Aug 2025,-,13 Aug 2025
ZIM,Valiant,"16E, GN531E",13 Aug 2025,-,14 Aug 2025
ZIM,Shimin,"18E, 029E",13 Aug 2025,-,14 Aug 2025
ZIM,Yuanhai6,"218E, 2508E",13 Aug 2025,-,13 Aug 2025
ZIM,Yuanhai6,"218E, 2508E",13 Aug 2025,-,13 Aug 2025
ZIM,Xiang Shui Yun 27,"24E, 024E",13 Aug 2025,-,13 Aug 2025
ZIM,Yuanhai6,"218W, 2508W",13 Aug 2025,-,13 Aug 2025
ZIM,Xiang Shui Yun 27,"24E, 024E",13 Aug 2025,-,13 Aug 2025
ZIM,Wu Xiang 79,"151E, 2565E",13 Aug 2025,-,13 Aug 2025
ZIM,Xiang Shui Yun 27,"24W, 024W",13 Aug 2025,-,13 Aug 2025
ZIM,Wu Xiang 79,"151W, 2565W",13 Aug 2025,-,14 Aug 2025
ZIM,As Columbia,"317N, 530N",13 Aug 2025,-,14 Aug 2025
ZIM,Fei Li Da 2,"27E, 2530E",13 Aug 2025,-,13 Aug 2025
ZIM,Puhai213,"88E, 25065E",13 Aug 2025,-,13 Aug 2025
ZIM,Da Xin 7,"507E, 2533",13 Aug 2025,-,13 Aug 2025
ZIM,Xinchangfeng717,"42E, C2510E",13 Aug 2025,-,13 Aug 2025
ZIM,Zhong Cheng 19,"563E, N2533",13 Aug 2025,-,13 Aug 2025
ZIM,Minyu2201,"3E, C2512E",13 Aug 2025,-,13 Aug 2025
ZIM,Shunyunzhixing,"317E, L2565E",13 Aug 2025,-,13 Aug 2025
ZIM,Xinhao11,"14E, 2505E",13 Aug 2025,-,13 Aug 2025
ZIM,Zhong Yi Ji Rui,"333E, 2554E",13 Aug 2025,-,13 Aug 2025
ZIM,Runxingji99,"10E, 25032Z",13 Aug 2025,-,14 Aug 2025
ZIM,Ze Xin Jun Jie,"263E, 2533E",13 Aug 2025,-,13 Aug 2025
ZIM,Minjiang,"13E, B137E",13 Aug 2025,-,13 Aug 2025
ZIM,Menggang099,"33E, C2509E",13 Aug 2025,-,13 Aug 2025
ZIM,Rong Mao 3,"66E, 2533S",13 Aug 2025,-,13 Aug 2025
ZIM,Jia Xing 68,"561E, 2533E",13 Aug 2025,-,13 Aug 2025
ZIM,Changhangjiyun0323,"46E, C2512E",13 Aug 2025,-,13 Aug 2025
ZIM,Zhong Cheng 16,"655E, L2565E",13 Aug 2025,-,14 Aug 2025
ZIM,Guanrong1211,"31E, C2507E",13 Aug 2025,-,13 Aug 2025
ZIM,Guanrong1211,"31E, C2507E",14 Aug 2025,-,14 Aug 2025
ZIM,Da Xin 7,"507E, 2533",14 Aug 2025,-,14 Aug 2025
ZIM,Rong Mao 3,"66E, 2533S",14 Aug 2025,-,14 Aug 2025
ZIM,Ze Xin Jun Jie,"263E, 2533E",14 Aug 2025,-,14 Aug 2025
ZIM,Xinhao11,"14E, 2505E",14 Aug 2025,-,14 Aug 2025
ZIM,Shunyunzhixing,"317E, L2565E",14 Aug 2025,-,14 Aug 2025
ZIM,Menggang099,"33E, C2509E",14 Aug 2025,-,14 Aug 2025
ZIM,Xinchangfeng717,"42E, C2510E",14 Aug 2025,-,14 Aug 2025
ZIM,Fei Li Da 2,"27W, 2530W",14 Aug 2025,-,14 Aug 2025
ZIM,Minyu2201,"3E, C2512E",14 Aug 2025,-,14 Aug 2025
ZIM,Zhong Yi Ji Rui,"333E, 2554E",14 Aug 2025,-,14 Aug 2025
ZIM,Minjiang,"13E, B137E",14 Aug 2025,-,14 Aug 2025
ZIM,Jia Xing 68,"561E, 2533E",14 Aug 2025,-,14 Aug 2025
ZIM,Changhangjiyun0323,"46E, C2512E",14 Aug 2025,-,14 Aug 2025
ZIM,Puhai213,"88E, 25065E",14 Aug 2025,-,14 Aug 2025
ZIM,Zhong Cheng 19,"563E, N2533",14 Aug 2025,-,14 Aug 2025
ZIM,Cul Xiamen,"550W, 2524E",14 Aug 2025,-,14 Aug 2025
ZIM,Glory Ocean,"587S, 2533S",14 Aug 2025,-,15 Aug 2025
ZIM,Xinchangfeng717,"42W, C2510W",14 Aug 2025,-,14 Aug 2025
ZIM,Ze Xin Jun Jie,"263W, 2533W",14 Aug 2025,-,16 Aug 2025
ZIM,Minjiang,"13W, B137W",14 Aug 2025,-,14 Aug 2025
ZIM,Xinhao11,"14W, 2505W",14 Aug 2025,-,14 Aug 2025
ZIM,Shunyunzhixing,"317W, L2565W",14 Aug 2025,-,14 Aug 2025
ZIM,Zhong Yi Ji Rui,"333W, 2554W",14 Aug 2025,-,14 Aug 2025
ZIM,Runxingji99,"10E, 25032Z",14 Aug 2025,-,14 Aug 2025
ZIM,Jia Xing 68,"561W, 2533W",14 Aug 2025,-,14 Aug 2025
ZIM,Da Xin 7,"507W, 2533",14 Aug 2025,-,14 Aug 2025
ZIM,Rong Mao 3,"66W, 2533N",14 Aug 2025,-,14 Aug 2025
ZIM,Guanrong1211,"31W, C2507W",14 Aug 2025,-,14 Aug 2025
ZIM,Zhong Cheng 19,"563W, N2533",14 Aug 2025,-,14 Aug 2025
ZIM,Puhai213,"88W, 25065W",14 Aug 2025,-,14 Aug 2025
ZIM,Menggang099,"33W, C2509W",14 Aug 2025,-,14 Aug 2025
ZIM,Changhangjiyun0323,"46W, C2512W",14 Aug 2025,-,14 Aug 2025
ZIM,Minyu2201,"3W, C2512W",14 Aug 2025,-,14 Aug 2025
ZIM,Mild Chorus,"99W, 2532W",14 Aug 2025,-,14 Aug 2025
ZIM,Runxingji99,"10W, 25032Z",14 Aug 2025,-,14 Aug 2025
ZIM,Shun Da,"3W, 2532W",14 Aug 2025,-,14 Aug 2025
ZIM,Bai Chay Bridge,"193W, 145W",14 Aug 2025,-,15 Aug 2025
ZIM,Zhong Cheng 16,"655E, L2565E",14 Aug 2025,-,14 Aug 2025
ZIM,Zhong Cheng 16,"655W, L2565W",14 Aug 2025,-,15 Aug 2025
ZIM,Wu Xiang 16,"268E, 2533E",14 Aug 2025,-,14 Aug 2025
ZIM,Sheng Da Xu Yuan,"27E, 2541E",14 Aug 2025,-,14 Aug 2025
ZIM,Jiang Hai Tong 199,"46E, 25033E",14 Aug 2025,-,14 Aug 2025
ZIM,Jiang Yuan Ji 6,"137E, B2533E",14 Aug 2025,-,14 Aug 2025
ZIM,Jinyuanronghe,"19E, 2533EA",14 Aug 2025,-,14 Aug 2025
ZIM,Puhai215,"46E, 25033E",14 Aug 2025,-,14 Aug 2025
ZIM,Sheng Da Xu Yuan,"27E, 2541E",15 Aug 2025,-,15 Aug 2025
ZIM,Jiang Yuan Ji 6,"137E, B2533E",15 Aug 2025,-,15 Aug 2025
ZIM,Puhai215,"46E, 25033E",15 Aug 2025,-,15 Aug 2025
ZIM,Wu Xiang 16,"268E, 2533E",15 Aug 2025,-,15 Aug 2025
ZIM,Jinyuanronghe,"19E, 2533EA",15 Aug 2025,-,15 Aug 2025
ZIM,Zim Mount Rainier,9E,15 Aug 2025,-,18 Aug 2025
ZIM,Jiang Hai Tong 199,"46E, 25033E",15 Aug 2025,-,15 Aug 2025
ZIM,Cul Xiamen,"551E, 2525E",15 Aug 2025,-,16 Aug 2025
ZIM,Infinity,"4S, 2532S",15 Aug 2025,-,15 Aug 2025
ZIM,Wu Xiang 16,"268W, 2533W",15 Aug 2025,-,15 Aug 2025
ZIM,Sheng Da Xu Yuan,"27W, 2541W",15 Aug 2025,-,15 Aug 2025
ZIM,Jiang Yuan Ji 6,"137W, B2533W",15 Aug 2025,-,15 Aug 2025
ZIM,Jiang Hai Tong 199,"46W, 25033W",15 Aug 2025,-,15 Aug 2025
ZIM,Puhai215,"46W, 25033W",15 Aug 2025,-,16 Aug 2025
ZIM,Jinyuanronghe,"19W, 2533EA",15 Aug 2025,-,15 Aug 2025
ZIM,Run Sheng,80E,15 Aug 2025,-,15 Aug 2025
ZIM,A Ontake,"30W, 2532W",15 Aug 2025,-,15 Aug 2025
ZIM,San Antonio Maersk,"7W, 533W",15 Aug 2025,-,16 Aug 2025
ZIM,Jinxing9,"46E, 2533",15 Aug 2025,-,15 Aug 2025
ZIM,Jinxing9,"46E, 2533",15 Aug 2025,-,15 Aug 2025
ZIM,Jinxing9,"46W, 2533",15 Aug 2025,-,15 Aug 2025
ZIM,Emmanuel P,"519E, 013E",15 Aug 2025,-,16 Aug 2025
ZIM,Ial 001,"85W, 10196E",15 Aug 2025,-,16 Aug 2025
ZIM,Zhong Wai Yun Chang Jiang 002,"522E, 2533E",15 Aug 2025,-,15 Aug 2025
ZIM,Hua Hang Lan Hai,"46E, 2533",15 Aug 2025,-,15 Aug 2025
ZIM,Zhong Yi Ze Tai,"232E, 2554E",15 Aug 2025,-,15 Aug 2025
ZIM,Zhong Hai Ji 18,"211E, 2517E",15 Aug 2025,-,15 Aug 2025
ZIM,Zhong Cheng 69,"353E, L2533E",15 Aug 2025,-,15 Aug 2025
ZIM,Fei Li Da 1,"28E, 2532E",15 Aug 2025,-,16 Aug 2025
ZIM,Wu Xiang 76,"128E, B2533",15 Aug 2025,-,15 Aug 2025
ZIM,Jia Xing 18,"764E, 2533E",15 Aug 2025,-,15 Aug 2025
ZIM,Hai Long 666,"336E, B2533E",15 Aug 2025,-,15 Aug 2025
ZIM,Wei Ji 8 Hao,"46E, 2533",15 Aug 2025,-,15 Aug 2025
ZIM,Gang Hang Shi Dai,"10E, L2532E",15 Aug 2025,-,15 Aug 2025
ZIM,Puruiyonghang,"173E, 2533S",15 Aug 2025,-,15 Aug 2025
ZIM,Hua Hang Lan Hai,"46E, 2533",16 Aug 2025,-,16 Aug 2025
ZIM,Zhong Hai Ji 18,"211E, 2517E",16 Aug 2025,-,16 Aug 2025
ZIM,Puruiyonghang,"173E, 2533S",16 Aug 2025,-,16 Aug 2025
ZIM,Hai Long 666,"336E, B2533E",16 Aug 2025,-,16 Aug 2025
ZIM,Gang Hang Shi Dai,"10E, L2532E",16 Aug 2025,-,16 Aug 2025
ZIM,Zhong Yi Ze Tai,"232E, 2554E",16 Aug 2025,-,16 Aug 2025
ZIM,Wu Xiang 76,"128E, B2533",16 Aug 2025,-,16 Aug 2025
ZIM,Jia Xing 18,"764E, 2533E",16 Aug 2025,-,16 Aug 2025
ZIM,Jj Tokyo,"197W, 2532W",16 Aug 2025,-,16 Aug 2025
ZIM,Zhong Cheng 69,"353E, L2533E",16 Aug 2025,-,16 Aug 2025
ZIM,Zhong Wai Yun Chang Jiang 002,"522E, 2533E",16 Aug 2025,-,16 Aug 2025
ZIM,Wei Ji 8 Hao,"46E, 2533",16 Aug 2025,-,16 Aug 2025
ZIM,Wei Ji 8 Hao,"46W, 2533",16 Aug 2025,-,18 Aug 2025
ZIM,Zhong Cheng 69,"353W, L2533W",16 Aug 2025,-,16 Aug 2025
ZIM,Hua Sheng Fa Zhan,"63E, L2514E",16 Aug 2025,-,16 Aug 2025
ZIM,Jia Xing 18,"764W, 2533W",16 Aug 2025,-,16 Aug 2025
ZIM,Wu Xiang 76,"128W, B2533",16 Aug 2025,-,16 Aug 2025
ZIM,Zhong Yi Ze Tai,"232W, 2554W",16 Aug 2025,-,16 Aug 2025
ZIM,Gang Hang Shi Dai,"10W, L2532W",16 Aug 2025,-,16 Aug 2025
ZIM,Huan Qiu Fa Zhan,"122E, 2514E",16 Aug 2025,-,16 Aug 2025
ZIM,Hai Long 666,"336W, B2533W",16 Aug 2025,-,18 Aug 2025
ZIM,Puruiyonghang,"173W, 2533N",16 Aug 2025,-,16 Aug 2025
ZIM,Zhong Hai Ji 18,"211W, 2517W",16 Aug 2025,-,16 Aug 2025
ZIM,Hua Hang Lan Hai,"46W, 2533",16 Aug 2025,-,16 Aug 2025
ZIM,Zhong Wai Yun Chang Jiang 002,"522W, 2533W",16 Aug 2025,-,16 Aug 2025
ZIM,Zhong Cheng 99,"666E, B2533E",16 Aug 2025,-,16 Aug 2025
ZIM,Msc Laurence,"1W, QK529R",16 Aug 2025,-,16 Aug 2025
ZIM,Hua Sheng Fa Zhan,"63E, L2514E",16 Aug 2025,-,16 Aug 2025
ZIM,Huan Qiu Fa Zhan,"122E, 2514E",16 Aug 2025,-,16 Aug 2025
ZIM,Zhong Cheng 99,"666E, B2533E",16 Aug 2025,-,16 Aug 2025
ZIM,Zhong Cheng 99,"666W, B2533W",16 Aug 2025,-,16 Aug 2025
ZIM,Hua Sheng Fa Zhan,"63W, L2514W",16 Aug 2025,-,16 Aug 2025
ZIM,Huan Qiu Fa Zhan,"122W, 2514W",16 Aug 2025,-,16 Aug 2025
ZIM,Wu Xiang 79,"152E, 2566E",16 Aug 2025,-,16 Aug 2025
ZIM,Wu Jia Zui Ji 19,"128E, L2566E",16 Aug 2025,-,16 Aug 2025
ZIM,Tian Yi Fa Zhan,"284E, 2566E",16 Aug 2025,-,16 Aug 2025
ZIM,Da Xin 66,"188E, 25066E",16 Aug 2025,-,16 Aug 2025
ZIM,Bhudthi Bhum,"19E, 028E",16 Aug 2025,-,16 Aug 2025
ZIM,Zhong Gu Shan Dong,"533W, 533W",16 Aug 2025,-,17 Aug 2025
ZIM,Da Xin 66,"188E, 25066E",16 Aug 2025,-,16 Aug 2025
ZIM,Tian Yi Fa Zhan,"284E, 2566E",16 Aug 2025,-,16 Aug 2025
ZIM,Wu Jia Zui Ji 19,"128E, L2566E",16 Aug 2025,-,16 Aug 2025
ZIM,Huafenghesheng,"107E, 2509E",16 Aug 2025,-,16 Aug 2025
ZIM,Xiang Yuan No. 16,"266E, 324E",16 Aug 2025,-,16 Aug 2025
ZIM,Ym Celebrity,"20S, 090S",16 Aug 2025,-,17 Aug 2025
ZIM,Huafenghesheng,"107E, 2509E",16 Aug 2025,-,16 Aug 2025
ZIM,Tian Yi Fa Zhan,"284W, 2566W",16 Aug 2025,-,16 Aug 2025
ZIM,Wu Jia Zui Ji 19,"128W, L2566W",16 Aug 2025,-,16 Aug 2025
ZIM,Da Xin 66,"188W, 25066W",16 Aug 2025,-,16 Aug 2025
ZIM,Kmtc Tanjin,"2E, 2506E",16 Aug 2025,-,17 Aug 2025
ZIM,Xiang Yuan No. 16,"266E, 324E",16 Aug 2025,-,16 Aug 2025
ZIM,Msc Angola,"1E, QK532A",16 Aug 2025,-,17 Aug 2025
ZIM,Huafenghesheng,"107W, 2509W",16 Aug 2025,-,16 Aug 2025
ZIM,Xiang Yuan No. 16,"266W, 324W",16 Aug 2025,-,16 Aug 2025
ZIM,Sawasdee Chittagong,"7W, 2506N",16 Aug 2025,-,17 Aug 2025
ZIM,Minli,"67E, B347E",16 Aug 2025,-,16 Aug 2025
ZIM,Yangshanji01,"28E, 2533EA",16 Aug 2025,-,16 Aug 2025
ZIM,Heng Long 16,"46E, 2533",16 Aug 2025,-,16 Aug 2025
ZIM,Fei Li Da 1,"28E, 2532E",16 Aug 2025,-,17 Aug 2025
ZIM,De Lin,"457E, 2554E",16 Aug 2025,-,16 Aug 2025
ZIM,Yuhangji1168,"30E, C2513E",16 Aug 2025,-,16 Aug 2025
ZIM,Fan Ya Yang Shan,"46E, 25033E",16 Aug 2025,-,16 Aug 2025
ZIM,Wan Yuan Yang 1,"307E, 2533E",16 Aug 2025,-,16 Aug 2025
ZIM,Xin Yang Shan 1,"124E, B2533E",16 Aug 2025,-,16 Aug 2025
ZIM,Runxingji169,"9E, 25033Z",16 Aug 2025,-,17 Aug 2025
ZIM,Tuohaichengxing,"46E, 2533",16 Aug 2025,-,16 Aug 2025
ZIM,Zhong Cheng 26,"438E, B2533E",16 Aug 2025,-,16 Aug 2025
ZIM,Heung-A Xiamen,13E,16 Aug 2025,-,17 Aug 2025
ZIM,Hong Hao 5,"78E, B2533E",16 Aug 2025,-,17 Aug 2025
ZIM,Yangshanji01,"28E, 2533EA",17 Aug 2025,-,17 Aug 2025
ZIM,Fan Ya Yang Shan,"46E, 25033E",17 Aug 2025,-,17 Aug 2025
ZIM,Zhong Cheng 26,"438E, B2533E",17 Aug 2025,-,17 Aug 2025
ZIM,Yuhangji1168,"30E, C2513E",17 Aug 2025,-,17 Aug 2025
ZIM,Jj Tokyo,"198E, 2533E",17 Aug 2025,-,17 Aug 2025
ZIM,De Lin,"457E, 2554E",17 Aug 2025,-,17 Aug 2025
ZIM,Tuohaichengxing,"46E, 2533",17 Aug 2025,-,17 Aug 2025
ZIM,Minli,"67E, B347E",17 Aug 2025,-,17 Aug 2025
ZIM,Wan Yuan Yang 1,"307E, 2533E",17 Aug 2025,-,17 Aug 2025
ZIM,Heng Long 16,"46E, 2533",17 Aug 2025,-,17 Aug 2025
ZIM,Xin Yang Shan 1,"124E, B2533E",17 Aug 2025,-,17 Aug 2025
ZIM,Hong Hao 5,"78E, B2533E",17 Aug 2025,-,17 Aug 2025
ZIM,Runxingji169,"9E, 25033Z",17 Aug 2025,-,17 Aug 2025
ZIM,Minli,"67W, B347W",17 Aug 2025,-,17 Aug 2025
ZIM,Fan Ya Yang Shan,"46W, 25033W",17 Aug 2025,-,17 Aug 2025
ZIM,Zhong Cheng 26,"438W, B2533W",17 Aug 2025,-,17 Aug 2025
ZIM,Xin Yang Shan 1,"124W, B2533W",17 Aug 2025,-,17 Aug 2025
ZIM,Yuhangji1168,"30W, C2513W",17 Aug 2025,-,17 Aug 2025
ZIM,Wan Yuan Yang 1,"307W, 2533W",17 Aug 2025,-,17 Aug 2025
ZIM,De Lin,"457W, 2554W",17 Aug 2025,-,17 Aug 2025
ZIM,Fei Li Da 1,"28W, 2532W",17 Aug 2025,-,17 Aug 2025
ZIM,Yangshanji01,"28W, 2533EA",17 Aug 2025,-,17 Aug 2025
ZIM,Heng Long 16,"46W, 2533",17 Aug 2025,-,18 Aug 2025
ZIM,Tuohaichengxing,"46W, 2533",17 Aug 2025,-,17 Aug 2025
ZIM,Hong Hao 5,"78W, B2533W",17 Aug 2025,-,17 Aug 2025
ZIM,Wu Xiang 79,"152E, 2566E",17 Aug 2025,-,17 Aug 2025
ZIM,Wu Xiang 79,"152W, 2566W",17 Aug 2025,-,17 Aug 2025
ZIM,Runxingji169,"9W, 25033Z",17 Aug 2025,-,17 Aug 2025
ZIM,A Kakogawa,"46W, 2532W",17 Aug 2025,-,17 Aug 2025
ZIM,Ts Incheon,"49E, 25033E",17 Aug 2025,-,17 Aug 2025
ZIM,Puhai213,"89E, 25066E",17 Aug 2025,-,17 Aug 2025
ZIM,Zhong Cheng 16,"656E, L2566E",17 Aug 2025,-,17 Aug 2025
ZIM,Shunyunzhixing,"318E, L2566E",17 Aug 2025,-,17 Aug 2025
ZIM,Shun Ze 1,"300E, 25033E",17 Aug 2025,-,17 Aug 2025
ZIM,Ca Shanghai,"11S, 2514S",17 Aug 2025,-,18 Aug 2025
ZIM,Shunyunzhixing,"318E, L2566E",17 Aug 2025,-,17 Aug 2025
ZIM,Puhai213,"89E, 25066E",17 Aug 2025,-,17 Aug 2025
ZIM,Shun Ze 1,"300E, 25033E",17 Aug 2025,-,17 Aug 2025
ZIM,Shunyunzhixing,"318W, L2566W",17 Aug 2025,-,17 Aug 2025
ZIM,Puhai213,"89W, 25066W",17 Aug 2025,-,17 Aug 2025
ZIM,Shun Ze 1,"300W, 25033W",17 Aug 2025,-,17 Aug 2025
ZIM,Gang Hang Yun Ji,"11E, 2535E",17 Aug 2025,-,17 Aug 2025
ZIM,De Jin 7,"419E, 2533E",17 Aug 2025,-,17 Aug 2025
ZIM,Qian Kun 9999,"31E, L2532E",17 Aug 2025,-,17 Aug 2025
ZIM,Heng Long 99,"31E, 2549E",17 Aug 2025,-,17 Aug 2025
ZIM,De Feng 201,"75E, 2533S",17 Aug 2025,-,17 Aug 2025
ZIM,Jiang Hai Tong 188,"59E, 25033E",17 Aug 2025,-,17 Aug 2025
ZIM,Nakskov Maersk,"38S, 532S",17 Aug 2025,-,18 Aug 2025
ZIM,Nordager Maersk,"43S, 532S",18 Aug 2025,-,18 Aug 2025
ZIM,Gang Hang Yun Ji,"11E, 2535E",18 Aug 2025,-,18 Aug 2025
ZIM,Qian Kun 9999,"31E, L2532E",18 Aug 2025,-,18 Aug 2025
ZIM,Jiang Hai Tong 188,"59E, 25033E",18 Aug 2025,-,18 Aug 2025
ZIM,Heng Long 99,"31E, 2549E",18 Aug 2025,-,18 Aug 2025
ZIM,De Jin 7,"419E, 2533E",18 Aug 2025,-,18 Aug 2025
ZIM,De Feng 201,"75E, 2533S",18 Aug 2025,-,18 Aug 2025
ZIM,Glory Ocean,"587N, 2533N",18 Aug 2025,-,18 Aug 2025
ZIM,Gsl Kithira,963E,18 Aug 2025,-,18 Aug 2025
ZIM,Ts Lianyungang,"25E, 25033E",18 Aug 2025,-,19 Aug 2025
ZIM,De Feng 201,"75W, 2533N",18 Aug 2025,-,18 Aug 2025
ZIM,Heng Long 99,"31W, 2549W",18 Aug 2025,-,18 Aug 2025
ZIM,Qian Kun 9999,"31W, L2532W",18 Aug 2025,-,18 Aug 2025
ZIM,De Jin 7,"419W, 2533W",18 Aug 2025,-,18 Aug 2025
ZIM,Jiang Hai Tong 188,"59W, 25033W",18 Aug 2025,-,18 Aug 2025
ZIM,Esl Oman,"478W, 02533W",18 Aug 2025,-,19 Aug 2025
ZIM,Gang Hang Yun Ji,"11W, 2535W",18 Aug 2025,-,18 Aug 2025
ZIM,Zhong Cheng 16,"656E, L2566E",18 Aug 2025,-,18 Aug 2025
ZIM,Zim Eagle,12E,18 Aug 2025,-,19 Aug 2025
ZIM,Xiu Hong,"49W, 2533W",18 Aug 2025,-,18 Aug 2025
ZIM,Zhong Cheng 16,"656W, L2566W",18 Aug 2025,-,18 Aug 2025
ZIM,Oocl Taipei,"18W, 086W",18 Aug 2025,-,19 Aug 2025
ZIM,A Ontake,31E,18 Aug 2025,-,18 Aug 2025
ZIM,Bear Mountain Bridge,"30E, 128E",18 Aug 2025,-,19 Aug 2025
ZIM,A Kakogawa,47E,18 Aug 2025,-,18 Aug 2025
ZIM,Msc Barbara,"47S, KQ533A",18 Aug 2025,-,19 Aug 2025
ZIM,Yuanhai8,295E,18 Aug 2025,-,19 Aug 2025
ZIM,Ophelia,55S,18 Aug 2025,-,19 Aug 2025
ZIM,Xin Yuan He 9,"46E, 25033E",18 Aug 2025,-,18 Aug 2025
ZIM,Xiangyu101,"11E, 25033Z",18 Aug 2025,-,19 Aug 2025
ZIM,Qiankun02,"33E, 2533EA",18 Aug 2025,-,18 Aug 2025
ZIM,Xin Yuan He 9,"46E, 25033E",19 Aug 2025,-,19 Aug 2025
ZIM,Qiankun02,"33E, 2533EA",19 Aug 2025,-,19 Aug 2025
ZIM,Xiangyu101,"11E, 25033Z",19 Aug 2025,-,19 Aug 2025
ZIM,Xiu Hong,"50E, 2534E",19 Aug 2025,-,19 Aug 2025
ZIM,Xiangyu101,"11W, 25033Z",19 Aug 2025,-,19 Aug 2025
ZIM,Zhong Yi Run Tong,319N,19 Aug 2025,-,19 Aug 2025
