A,B,C,外貌,技巧,精神,总和
えっち,魔性,変態,300,800,900,2000
えっち,魔性,従順,500,700,800,2000
えっち,魔性,癒し系,500,700,800,2000
えっち,魔性,小悪魔,500,600,800,1900
えっち,魔性,無双,400,900,600,1900
えっち,変態,従順,200,800,800,1800
えっち,変態,癒し系,200,800,800,1800
えっち,従順,癒し系,400,700,700,1800
えっち,魔性,玉の肌,600,600,600,1800
えっち,魔性,筋肉質,500,700,600,1800
えっち,魔性,敏感,400,800,600,1800
えっち,魔性,名器,400,800,600,1800
えっち,魔性,サイコ,200,600,900,1700
えっち,魔性,強情,400,500,800,1700
えっち,魔性,前向き,400,500,800,1700
えっち,魔性,一途,400,500,800,1700
えっち,魔性,クール,400,500,800,1700
えっち,魔性,不思議,400,500,800,1700
えっち,魔性,生活難,400,500,800,1700
えっち,魔性,補導歴,400,500,800,1700
えっち,変態,小悪魔,200,700,800,1700
魔性,変態,従順,200,700,800,1700
魔性,変態,癒し系,200,700,800,1700
えっち,従順,小悪魔,400,600,700,1700
えっち,癒し系,小悪魔,400,600,700,1700
魔性,従順,癒し系,400,600,700,1700
えっち,魔性,巨乳,400,700,600,1700
えっち,魔性,安産型,400,700,600,1700
えっち,魔性,正義感,400,400,800,1600
魔性,変態,小悪魔,200,600,800,1600
魔性,従順,小悪魔,400,500,700,1600
魔性,癒し系,小悪魔,400,500,700,1600
えっち,魔性,脚線美,400,600,600,1600
えっち,魔性,着やせ,400,600,600,1600
えっち,魔性,愛嬌,400,600,600,1600
えっち,魔性,優等生,400,600,600,1600
えっち,魔性,ピアス,400,600,600,1600
えっち,変態,玉の肌,300,700,600,1600
えっち,変態,筋肉質,200,800,600,1600
えっち,魔性,高飛車,400,400,700,1500
えっち,従順,強情,300,500,700,1500
えっち,従順,前向き,300,500,700,1500
えっち,従順,一途,300,500,700,1500
えっち,従順,クール,300,500,700,1500
えっち,従順,不思議,300,500,700,1500
えっち,従順,生活難,300,500,700,1500
えっち,従順,補導歴,300,500,700,1500
えっち,癒し系,強情,300,500,700,1500
えっち,癒し系,前向き,300,500,700,1500
えっち,癒し系,一途,300,500,700,1500
えっち,癒し系,クール,300,500,700,1500
えっち,癒し系,不思議,300,500,700,1500
えっち,癒し系,生活難,300,500,700,1500
えっち,癒し系,補導歴,300,500,700,1500
えっち,魔性,泥中蓮,700,200,600,1500
えっち,魔性,人気者,400,500,600,1500
えっち,魔性,王子様,400,500,600,1500
えっち,魔性,委員長,400,500,600,1500
えっち,魔性,既婚,400,500,600,1500
えっち,魔性,経産婦,400,500,600,1500
えっち,魔性,運動部,400,500,600,1500
えっち,魔性,家庭的,400,500,600,1500
えっち,魔性,男の娘,400,500,600,1500
えっち,魔性,タトゥ,400,500,600,1500
えっち,魔性,貧乳,400,500,600,1500
魔性,変態,玉の肌,300,600,600,1500
魔性,変態,筋肉質,200,700,600,1500
えっち,従順,正義感,300,400,700,1400
えっち,癒し系,正義感,300,400,700,1400
えっち,小悪魔,強情,300,400,700,1400
えっち,小悪魔,前向き,300,400,700,1400
えっち,小悪魔,一途,300,400,700,1400
えっち,小悪魔,クール,300,400,700,1400
えっち,小悪魔,不思議,300,400,700,1400
えっち,小悪魔,生活難,300,400,700,1400
えっち,小悪魔,補導歴,300,400,700,1400
魔性,従順,強情,300,400,700,1400
魔性,従順,前向き,300,400,700,1400
魔性,従順,一途,300,400,700,1400
魔性,従順,クール,300,400,700,1400
魔性,従順,不思議,300,400,700,1400
魔性,従順,生活難,300,400,700,1400
魔性,従順,補導歴,300,400,700,1400
魔性,癒し系,強情,300,400,700,1400
魔性,癒し系,前向き,300,400,700,1400
魔性,癒し系,一途,300,400,700,1400
魔性,癒し系,クール,300,400,700,1400
魔性,癒し系,不思議,300,400,700,1400
魔性,癒し系,生活難,300,400,700,1400
魔性,癒し系,補導歴,300,400,700,1400
えっち,魔性,無口,400,400,600,1400
従順,癒し系,小悪魔,300,500,600,1400
えっち,小悪魔,正義感,300,300,700,1300
魔性,従順,正義感,300,300,700,1300
魔性,癒し系,正義感,300,300,700,1300
魔性,小悪魔,強情,300,300,700,1300
魔性,小悪魔,前向き,300,300,700,1300
魔性,小悪魔,一途,300,300,700,1300
魔性,小悪魔,クール,300,300,700,1300
魔性,小悪魔,不思議,300,300,700,1300
魔性,小悪魔,生活難,300,300,700,1300
魔性,小悪魔,補導歴,300,300,700,1300
えっち,魔性,体臭,400,300,600,1300
えっち,変態,泥中蓮,400,300,600,1300
えっち,従順,高飛車,300,400,600,1300
えっち,癒し系,高飛車,300,400,600,1300
えっち,玉の肌,サイコ,200,500,600,1300
魔性,小悪魔,正義感,300,200,700,1200
えっち,強情,前向き,200,300,700,1200
えっち,強情,一途,200,300,700,1200
えっち,強情,クール,200,300,700,1200
えっち,強情,不思議,200,300,700,1200
えっち,強情,生活難,200,300,700,1200
えっち,強情,補導歴,200,300,700,1200
えっち,前向き,一途,200,300,700,1200
えっち,前向き,クール,200,300,700,1200
えっち,前向き,不思議,200,300,700,1200
えっち,前向き,生活難,200,300,700,1200
えっち,前向き,補導歴,200,300,700,1200
えっち,一途,クール,200,300,700,1200
えっち,一途,不思議,200,300,700,1200
えっち,一途,生活難,200,300,700,1200
えっち,一途,補導歴,200,300,700,1200
えっち,クール,不思議,200,300,700,1200
えっち,クール,生活難,200,300,700,1200
えっち,クール,補導歴,200,300,700,1200
えっち,不思議,生活難,200,300,700,1200
えっち,不思議,補導歴,200,300,700,1200
えっち,生活難,補導歴,200,300,700,1200
えっち,魔性,ゆるい,400,200,600,1200
魔性,変態,泥中蓮,400,200,600,1200
えっち,小悪魔,高飛車,300,300,600,1200
魔性,従順,高飛車,300,300,600,1200
魔性,癒し系,高飛車,300,300,600,1200
魔性,玉の肌,サイコ,200,400,600,1200
従順,癒し系,強情,200,400,600,1200
従順,癒し系,前向き,200,400,600,1200
従順,癒し系,一途,200,400,600,1200
従順,癒し系,クール,200,400,600,1200
従順,癒し系,不思議,200,400,600,1200
従順,癒し系,生活難,200,400,600,1200
従順,癒し系,補導歴,200,400,600,1200
えっち,強情,正義感,200,200,700,1100
えっち,前向き,正義感,200,200,700,1100
えっち,一途,正義感,200,200,700,1100
えっち,クール,正義感,200,200,700,1100
えっち,不思議,正義感,200,200,700,1100
えっち,生活難,正義感,200,200,700,1100
えっち,補導歴,正義感,200,200,700,1100
魔性,強情,前向き,200,200,700,1100
魔性,強情,一途,200,200,700,1100
魔性,強情,クール,200,200,700,1100
魔性,強情,不思議,200,200,700,1100
魔性,強情,生活難,200,200,700,1100
魔性,強情,補導歴,200,200,700,1100
魔性,前向き,一途,200,200,700,1100
魔性,前向き,クール,200,200,700,1100
魔性,前向き,不思議,200,200,700,1100
魔性,前向き,生活難,200,200,700,1100
魔性,前向き,補導歴,200,200,700,1100
魔性,一途,クール,200,200,700,1100
魔性,一途,不思議,200,200,700,1100
魔性,一途,生活難,200,200,700,1100
魔性,一途,補導歴,200,200,700,1100
魔性,クール,不思議,200,200,700,1100
魔性,クール,生活難,200,200,700,1100
魔性,クール,補導歴,200,200,700,1100
魔性,不思議,生活難,200,200,700,1100
魔性,不思議,補導歴,200,200,700,1100
魔性,生活難,補導歴,200,200,700,1100
魔性,小悪魔,高飛車,300,200,600,1100
従順,癒し系,正義感,200,300,600,1100
従順,小悪魔,強情,200,300,600,1100
従順,小悪魔,前向き,200,300,600,1100
従順,小悪魔,一途,200,300,600,1100
従順,小悪魔,クール,200,300,600,1100
従順,小悪魔,不思議,200,300,600,1100
従順,小悪魔,生活難,200,300,600,1100
従順,小悪魔,補導歴,200,300,600,1100
癒し系,小悪魔,強情,200,300,600,1100
癒し系,小悪魔,前向き,200,300,600,1100
癒し系,小悪魔,一途,200,300,600,1100
癒し系,小悪魔,クール,200,300,600,1100
癒し系,小悪魔,不思議,200,300,600,1100
癒し系,小悪魔,生活難,200,300,600,1100
癒し系,小悪魔,補導歴,200,300,600,1100
魔性,強情,正義感,200,100,700,1000
魔性,前向き,正義感,200,100,700,1000
魔性,一途,正義感,200,100,700,1000
魔性,クール,正義感,200,100,700,1000
魔性,不思議,正義感,200,100,700,1000
魔性,生活難,正義感,200,100,700,1000
魔性,補導歴,正義感,200,100,700,1000
えっち,サイコ,泥中蓮,300,100,600,1000
えっち,強情,高飛車,200,200,600,1000
えっち,前向き,高飛車,200,200,600,1000
えっち,一途,高飛車,200,200,600,1000
えっち,クール,高飛車,200,200,600,1000
えっち,不思議,高飛車,200,200,600,1000
えっち,生活難,高飛車,200,200,600,1000
えっち,補導歴,高飛車,200,200,600,1000
従順,小悪魔,正義感,200,200,600,1000
癒し系,小悪魔,正義感,200,200,600,1000
魔性,サイコ,泥中蓮,300,0,600,900
えっち,正義感,高飛車,200,100,600,900
魔性,強情,高飛車,200,100,600,900
魔性,前向き,高飛車,200,100,600,900
魔性,一途,高飛車,200,100,600,900
魔性,クール,高飛車,200,100,600,900
魔性,不思議,高飛車,200,100,600,900
魔性,生活難,高飛車,200,100,600,900
魔性,補導歴,高飛車,200,100,600,900
魔性,正義感,高飛車,200,0,600,800
